index,score,p_avg
1,0.7463,0.368150636
2,0.8063,0.465990615
3,0.7954,0.415294601
4,0.8518,0.430045433
5,0.8035,0.456613181
6,0.8428,0.426859003
7,0.7994,0.448852725
8,0.7715,0.382184347
9,0.9075,0.382353389
10,0.8413,0.414898835
11,0.8447,0.380359086
12,0.7927,0.371481313
13,0.8362,0.413165289
14,0.9341,0.364719591
15,0.861,0.395843084
16,0.8029,0.359229741
17,0.8804,0.38737187
18,0.9337,0.424605788
19,0.8195,0.421409204
20,0.8826,0.386182597
21,0.8343,0.375667727
22,0.9253,0.403055429
23,0.9678,0.400777129
24,0.9309,0.396786144
25,0.853,0.395557348
26,0.9157,0.400458922
27,0.9027,0.371682158
28,0.9314,0.364324522
29,0.8815,0.387218182
30,0.8982,0.35055374
31,0.943,0.364781225
32,0.9792,0.358988009
33,0.9529,0.394638398
34,0.8473,0.408892675
35,0.9583,0.35953759
36,0.892,0.359064219
37,0.9023,0.362476157
38,0.9407,0.341994303
39,1.0299,0.348841963
40,0.9035,0.397219187
41,0.9014,0.387492773
42,0.9673,0.373820802
43,0.9611,0.396303799
44,1.0338,0.372745032
45,1.0977,0.358339151
46,0.9439,0.381517531
47,0.9436,0.385804978
48,0.9779,0.376080253
49,1.0289,0.364644844
50,0.9346,0.360025433
51,1.0258,0.342268413
52,1.0384,0.345527035
53,1.0691,0.399901826
54,0.9087,0.38568014
55,0.8693,0.404686032
56,0.9862,0.363742884
57,0.9418,0.361464759
58,0.8882,0.380099446
59,0.9351,0.355463228
60,0.9715,0.347112931
61,0.9212,0.359574491
62,0.971,0.347321592
63,1.0082,0.344096177
64,0.987,0.348258702
65,0.9969,0.363746578
66,0.8758,0.350852614
67,0.913,0.337814552
68,0.8395,0.375825586
69,0.9522,0.365440101
70,0.938,0.394237635
71,0.9896,0.413876614
72,0.9398,0.381156059
73,0.9614,0.367532402
74,1.0667,0.356368925
75,1.0314,0.347328323
76,0.9484,0.350445092
77,0.929,0.364290294
78,1.012,0.352763175
79,0.9487,0.380119715
80,1.057,0.363501743
81,1.0675,0.371602267
82,0.9921,0.369345901
83,1.0598,0.370096139
84,0.9758,0.371114397
85,1.0175,0.352427807
86,1.0387,0.357218879
87,0.9983,0.342119129
88,1.0518,0.335796616
89,1.1632,0.348507484
90,1.0586,0.346383838
91,1.1458,0.373188371
92,1.0723,0.369972131
93,1.1766,0.361200389
94,1.0732,0.342186174
95,1.0262,0.328642384
96,1.0529,0.319088158
97,0.892,0.343399044
98,0.9282,0.368214404
99,0.9102,0.364271968
100,0.9266,0.33951711
101,1.0082,0.349214467
102,0.9944,0.362313791
103,0.9181,0.337641848
104,0.9718,0.345495172
105,1.0039,0.339028819
106,0.9187,0.386776583
107,0.9067,0.352571676
108,1.0358,0.343021506
109,1.0389,0.329837171
110,0.9206,0.335491118
111,1.0264,0.346757247
112,0.9866,0.347504824
113,0.9406,0.343397432
114,0.9804,0.349110094
115,1.0441,0.349344201
116,0.9654,0.346210387
117,1.0159,0.341154266
118,0.9965,0.327581296
119,0.9326,0.341906362
120,0.9997,0.350311716
121,1.0293,0.361137478
122,1.0831,0.365768333
123,1.1263,0.350379585
124,1.0354,0.340199576
125,0.9848,0.336930089
126,0.957,0.343926076
127,0.9821,0.355952587
128,1.0299,0.343743464
129,1.0065,0.33801551
130,1.0687,0.326428444
131,0.9549,0.325323475
132,0.9622,0.331475632
133,0.9747,0.377880049
134,1.0202,0.347386042
135,1.0917,0.342829629
136,1.0074,0.344906433
137,0.9712,0.32523402
138,1.0981,0.343846784
139,0.977,0.328371228
140,0.9168,0.3502405
141,0.9968,0.351095777
142,1.0531,0.322258476
143,1.0526,0.321248589
144,0.9289,0.34616003
145,0.9953,0.353830839
146,1.0452,0.356934233
147,0.9357,0.35641729
148,0.9105,0.333329295
149,1.0102,0.347524586
150,1.0705,0.332576475
151,1.0133,0.338330859
152,0.9968,0.363942774
153,0.9549,0.343471732
154,1.0691,0.337807875
155,0.9685,0.337454163
156,0.9019,0.322435142
157,1.0194,0.351928903
158,0.9295,0.338879716
159,0.909767442,0.379544955
160,1.1338,0.370293749
161,1.1293,0.395624787
162,1.0458,0.381223259
163,1.0744,0.374246056
164,1.132,0.370165251
165,1.0516,0.378259203
166,0.9359,0.381233384
167,0.9264,0.390582692
168,1.0815,0.399032154
169,1.2134,0.365217578
170,1.1081,0.368083716
171,1.0816,0.367506422
172,1.0619,0.379038498
173,1.088,0.389591331
174,0.9513,0.42309174
175,0.95,0.428592171
176,0.9643,0.444909219
177,1.1103,0.427033613
178,1.18,0.386600351
179,1.2176,0.398668893
180,1.0727,0.4041121
181,0.9967,0.409835783
182,0.9803,0.440698704
183,0.8647,0.437488669
184,0.9454,0.435394343
185,0.8937,0.433554081
186,1.0359,0.43492068
187,0.9792,0.44240317
188,1.06,0.405902903
189,1.1772,0.381383549
190,1.0897,0.377375366
191,1.0191,0.380125012
192,0.9949,0.407910283
193,1.081,0.423052615
194,1.008,0.398370102
195,1.022,0.400476566
196,1.0623,0.381319074
197,1.0221,0.377144719
198,1.007,0.360074059
199,1.0843,0.375973532
200,1.0174,0.394645702
201,1.0802,0.423773482
202,1.1175,0.409166718
203,0.9201,0.408508377
204,1.0355,0.40568225
205,1.1299,0.413230458
206,1.0266,0.430271955
207,1.0805,0.396920398
208,1.0213,0.411564219
209,1.13,0.3963
210,1.1184,0.401194139
211,1.0612,0.40592353
212,1.0832,0.391857398
213,1.1244,0.368552777
214,1.0686,0.369169725
215,1.0624,0.38160998
216,1.0492,0.366337333
217,1.1163,0.358881275
218,1.0784,0.373686826
219,1.0472,0.368680107
220,1.04,0.373338299
221,0.9734,0.390968618
222,1.0195,0.42570921
223,1.0461,0.370594062
224,1.2055,0.375687093
225,0.9875,0.441492938
226,1.0164,0.461407011
227,0.967,0.431164406
228,0.9728,0.411136756
229,1.0679,0.391558801
230,0.9991,0.401310272
231,1.0558,0.419631977
232,1.1187,0.375480967
233,1.0528,0.425108265
234,1.0944,0.417781396
235,1.1083,0.385146026
236,1.033,0.451803142
237,1.1409,0.408918148
238,1.1322,0.389935423
239,1.0544,0.371717188
240,1.1393,0.389453507
241,0.9897,0.427458578
242,1.0775,0.406877273
243,1.0403,0.39009209
244,1.2004,0.376874998
245,1.1544,0.377860847
246,1.1851,0.371933889
247,1.1601,0.385206
248,1.153,0.39484215
249,1.1201,0.392537225
250,1.1667,0.407258258
251,0.9945,0.433854805
252,1.0837,0.409338021
253,1.1876,0.381864735
254,1.0874,0.389459696
255,1.0884,0.377794836
256,1.0907,0.377788757
257,1.0901,0.384264279
258,1.1064,0.390511746
259,1.1055,0.385758462
260,1.033,0.376280512
261,1.0116,0.399812609
262,1.1305,0.389817082
263,0.9922,0.396126143
264,1.0199,0.380130761
265,1.0619,0.397246681
266,0.9599,0.398740289
267,0.971,0.376126293
268,1.1072,0.361740189
269,0.9633,0.364961151
270,1.1888,0.372880454
271,1.0292,0.430221871
272,1.012,0.432687483
273,0.99,0.419979542
274,1.017,0.418754752
275,1.1535,0.415768576
276,1.1033,0.416915216
277,1.0371,0.40726997
278,1.0479,0.408558514
279,1.0327,0.433169734
280,1.0972,0.414956075
281,1.0361,0.384921213
282,1.2004,0.384983765
283,1.2005,0.390677749
284,1.1901,0.389361871
285,1.1374,0.415374436
286,1.0743,0.411856493
287,1.141,0.398504751
288,1.1059,0.412337746
289,1.0116,0.381559586
290,1.0857,0.373781945
291,1.1233,0.37247426
292,1.1029,0.375518038
293,1.1593,0.379880447
294,1.0634,0.381215241
295,1.0763,0.374806116
296,1.1459,0.389710512
297,1.16,0.403462908
298,1.0898,0.385762501
299,1.2848,0.374180473
300,1.1808,0.385373935
301,1.1732,0.414598825
302,1.2193,0.422881273
303,1.0966,0.387004814
304,1.0701,0.417655055
305,1.0148,0.396669524
306,1.0927,0.397563384
307,1.1251,0.390160911
308,1.1544,0.370494159
309,1.1268,0.375959879
310,1.0279,0.387341095
311,1.0689,0.374091256
312,1.1516,0.387277822
313,1.1488,0.388182942
314,1.2832,0.394294134
315,1.0241,0.359906135
316,1.1774,0.36701947
317,1.1623,0.377766948
318,1.2419,0.374184962
319,1.1233,0.371004964
320,1.14,0.360189753
321,1.0423,0.373838485
322,1.1048,0.37374576
323,1.0422,0.371912027
324,1.1214,0.389567504
325,1.1753,0.38932318
326,1.0668,0.380003199
327,1.1119,0.377529179
328,1.1708,0.378798969
329,1.1219,0.366226755
330,1.0277,0.363038935
331,1.0693,0.374587361
332,1.2402,0.36915506
333,1.0963,0.359813813
334,1.047,0.37963143
335,1.033,0.382211741
336,1.0775,0.362476986
337,1.0196,0.366165535
338,0.9708,0.366878243
339,0.9984,0.362451939
340,1.082,0.367679028
341,1.1069,0.367657137
342,1.0889,0.369566761
343,1.0889,0.375427314
344,1.121,0.378548671
345,1.1826,0.38547154
346,0.9938,0.366590925
347,1.0529,0.375163683
348,1.1407,0.39561857
349,1.1469,0.401307011
350,1.0944,0.406129921
351,1.089,0.389472099
352,1.1077,0.389585199
353,1.0567,0.383041306
354,1.0718,0.374474771
355,1.1134,0.383521377
356,1.1943,0.387187889
357,1.2854,0.388630533
358,1.1917,0.368336292
359,1.1133,0.361892758
360,1.0941,0.377510748
361,1.0269,0.41638591
362,1.0053,0.400317717
363,1.1354,0.394051888
364,1.3093,0.383090931
365,1.1306,0.388491934
366,1.0706,0.364698455
367,1.106,0.384279468
368,0.9994,0.398684469
369,1.1749,0.393100291
370,1.2417,0.371374838
371,1.219,0.385499954
372,1.2107,0.379328696
373,1.1085,0.385030714
374,1.0474,0.372083326
375,1.1202,0.378944307
376,1.1558,0.383064233
377,1.2468,0.393346338
378,1.2182,0.418754152
379,1.2436,0.413579348
380,1.2968,0.403068894
381,1.0956,0.381310531
382,1.1535,0.402603299
383,1.15,0.392945861
384,1.0505,0.385579009
385,1.1483,0.401497974
386,1.0421,0.380598508
387,1.1694,0.383865785
388,1.2133,0.398873507
389,1.0761,0.432440168
390,1.0582,0.430415933
391,1.0899,0.415950792
392,0.9883,0.430329231
393,1.0948,0.423869895
394,1.221,0.396737108
395,1.2301,0.39547037
396,1.1527,0.385771631
397,1.1207,0.382270819
398,1.1853,0.385748642
399,1.0076,0.414999598
400,1.0837,0.403413787
401,1.0887,0.3985881
402,1.2071,0.394490874
403,1.1786,0.38465603
404,1.2142,0.38809263
405,1.0886,0.374907669
406,1.3198,0.378723264
407,1.2052,0.380003329
408,1.1418,0.39913003
409,1.1988,0.409897299
410,1.2559,0.417689291
411,1.2044,0.395739269
412,1.0778,0.394199893
413,1.1587,0.379349613
414,1.2603,0.38976956
415,1.1696,0.397665461
416,1.1389,0.396417376
417,1.2179,0.380107112
418,1.1964,0.390440999
419,1.1337,0.396497298
420,1.3217,0.414113883
421,1.2536,0.403153574
422,1.141,0.413206682
423,1.2126,0.387037448
424,1.2977,0.382888059
425,1.2655,0.393463827
426,1.247,0.38927667
427,1.2224,0.39447279
428,1.216,0.397414424
429,1.2802,0.403235272
430,1.2577,0.397452693
431,1.3037,0.393749051
432,1.2945,0.393121874
433,1.1668,0.394164909
434,1.1022,0.400728511
435,1.1502,0.418810994
436,1.0599,0.389826147
437,1.0637,0.372156546
438,1.1413,0.376131082
439,1.1196,0.365491939
440,1.1976,0.380521047
441,1.3287,0.396079659
442,1.2647,0.398437628
443,1.1147,0.368857731
444,1.1283,0.361057771
445,1.1843,0.387336376
446,1.0394,0.387087368
447,1.1412,0.396955721
448,1.212,0.385333566
449,1.1937,0.383510682
450,1.0791,0.396098497
451,1.2027,0.398118551
452,1.0884,0.393887711
453,1.1128,0.410148681
454,1.063,0.38266184
455,1.1584,0.367847364
456,1.2561,0.376170035
457,1.1308,0.370499836
458,1.2225,0.365168601
459,1.267,0.377215828
460,1.2503,0.380890062
461,1.2603,0.386108293
462,1.1375,0.398293392
463,1.1493,0.383950678
464,1.1849,0.382167423
465,1.1115,0.40303553
466,1.2402,0.406491461
467,1.092,0.402952785
468,1.131,0.39531335
469,1.1766,0.384856784
470,1.1619,0.376825653
471,1.2512,0.383877847
472,1.2804,0.385314673
473,1.2307,0.381629835
474,1.2339,0.379105203
475,1.2394,0.392000447
476,1.2458,0.392953917
477,1.2525,0.394461074
478,1.2223,0.391920331
479,1.1349,0.388519407
480,1.2174,0.382201783
481,1.1464,0.394889539
482,1.1986,0.396093142
483,1.227,0.401112417
484,1.2174,0.401352086
485,1.3167,0.408465168
486,1.1934,0.39925477
487,1.0914,0.407472641
488,1.2727,0.409202871
489,1.2408,0.364988434
490,1.2393,0.366335144
491,1.3193,0.384521231
492,1.0859,0.368954786
493,1.2354,0.392347598
494,1.2918,0.392187593
495,1.3397,0.390321063
496,1.3137,0.384866417
497,1.1678,0.372626925
498,1.2066,0.383543682
499,1.2583,0.386576755
500,1.2802,0.387936914
501,1.2804,0.369545644
502,1.1615,0.375774579
503,1.1248,0.374362577
504,1.1225,0.371500259
505,1.0998,0.372888947
506,1.3311,0.375244335
507,1.12,0.39278737
508,1.1461,0.384966893
509,1.2204,0.382537989
510,1.2009,0.390729892
511,1.2,0.406333279
512,1.2283,0.398310813
513,1.198,0.39288374
514,1.1107,0.412251923
515,1.0041,0.405670722
516,1.1267,0.405738433
517,1.1029,0.39977459
518,1.1352,0.402867797
519,1.1803,0.378101509
520,1.137,0.369814676
521,1.244,0.381527144
522,1.2624,0.386262069
523,1.1076,0.37464701
524,1.2147,0.390582595
525,1.2435,0.409672941
526,1.1846,0.409443439
527,1.2289,0.406172782
528,1.1706,0.395910727
529,1.2148,0.398455185
530,1.1953,0.410482971
531,1.2492,0.395170489
532,1.1833,0.4034222
533,1.163,0.391340398
534,1.2027,0.399830905
535,1.215,0.403315884
536,1.2211,0.391056151
537,1.196,0.411010014
538,1.259,0.386076159
539,1.3476,0.40525233
540,1.237,0.408683284
541,1.1963,0.408762033
542,1.2397,0.398762436
543,1.2786,0.407225781
544,1.1318,0.396738684
545,1.286,0.395530633
546,1.2468,0.40404285
547,1.2248,0.405927153
548,1.2872,0.401434111
549,1.3025,0.403549139
550,1.4456,0.399684344
551,1.2314,0.394124502
552,1.1105,0.395081879
553,1.2225,0.389998102
554,1.4166,0.407671652
555,1.4114,0.400695086
556,1.3497,0.397408894
557,1.2053,0.407184742
558,1.3501,0.404406272
559,1.2313,0.372903719
560,1.2905,0.368378731
561,1.2682,0.379078573
562,1.3306,0.402964163
563,1.2133,0.389601061
564,1.2684,0.372565871
565,1.3522,0.404961823
566,1.2723,0.413411547
567,1.2027,0.406468061
568,1.1247,0.383993655
569,1.0406,0.381545165
570,1.1115,0.395802428
571,1.1695,0.392930116
572,1.1652,0.380961475
573,1.1801,0.377474817
574,1.2354,0.395550645
575,1.21,0.401699397
576,1.3273,0.396027664
577,1.4436,0.402515127
578,1.1595,0.392365559
579,1.3576,0.390288696
580,1.3352,0.379862668
581,1.434,0.390550306
582,1.3033,0.386004008
583,1.2532,0.383069133
584,1.2029,0.39547666
585,1.2189,0.412710842
586,1.1438,0.409879149
587,1.2131,0.417766683
588,1.3037,0.397632221
589,1.2649,0.386909076
590,1.2422,0.381254896
591,1.3055,0.382570616
592,1.2119,0.389421758
593,1.2171,0.400781577
594,1.294,0.403235894
595,1.3788,0.393361229
596,1.2951,0.403512748
597,1.2646,0.413662523
598,1.2353,0.388179981
599,1.2508,0.381496102
600,1.197,0.366502787
601,1.1414,0.358464956
602,1.1793,0.369729734
603,1.1229,0.382283948
604,1.2732,0.38695047
605,1.3067,0.387140124
606,1.2511,0.384002975
607,1.3729,0.388283432
608,1.2211,0.380945539
609,1.2225,0.394283314
610,1.2406,0.400826855
611,1.3298,0.400183194
612,1.3331,0.396963063
613,1.3775,0.392992794
614,1.3858,0.394444522
615,1.2894,0.396505532
616,1.3055,0.386681982
617,1.4372,0.388795041
618,1.3396,0.399947886
619,1.4385,0.400290047
620,1.3225,0.398574617
621,1.2217,0.403300077
622,1.2229,0.399385483
623,1.3347,0.39982153
624,1.2602,0.392751498
625,1.2146,0.398898485
626,1.1485,0.384785481
627,1.1831,0.392207893
628,1.21,0.376769887
629,1.2147,0.378482143
630,1.2349,0.387056091
631,1.2876,0.381606688
632,1.3685,0.377869753
633,1.3084,0.376050772
634,1.176,0.370632495
635,1.2641,0.367917625
636,1.4251,0.38489799
637,1.5077,0.386923831
638,1.4206,0.384446294
639,1.2038,0.371012566
640,1.2437,0.374209493
641,1.3245,0.393892409
642,1.5041,0.410260543
643,1.4627,0.407426934
644,1.3899,0.410822592
645,1.4379,0.41017937
646,1.2903,0.40712114
647,1.347,0.390374495
648,1.3387,0.388894037
649,1.3191,0.399794553
650,1.4485,0.401242025
651,1.377,0.392105464
652,1.4009,0.382621606
653,1.4825,0.390735133
654,1.3785,0.391405831
655,1.2557,0.38077091
656,1.2457,0.388924088
657,1.1168,0.388369059
658,1.3269,0.398468938
659,1.4629,0.390671804
660,1.3219,0.384223863
661,1.2981,0.402405242
662,1.3463,0.401290027
663,1.2752,0.397728387
664,1.3382,0.397936385
665,1.3615,0.38274766
666,1.2916,0.373055582
667,1.3068,0.377794271
668,1.2747,0.36706163
669,1.3467,0.373159589
670,1.241,0.383851343
671,1.3725,0.393192124
672,1.2885,0.417583806
673,1.3279,0.402108526
674,1.3967,0.388782113
675,1.2077,0.38049705
676,1.2755,0.374783763
677,1.3506,0.388642755
678,1.3449,0.392807106
679,1.378,0.38194462
680,1.4408,0.381143488
681,1.3118,0.383766077
682,1.2672,0.372635044
683,1.2304,0.379726054
684,1.277,0.392194856
685,1.2725,0.385528128
686,1.2493,0.376070483
687,1.2803,0.396869498
688,1.209,0.405570087
689,1.2754,0.399732433
690,1.3009,0.397879759
691,1.3137,0.379662496
692,1.1946,0.384780697
693,1.2208,0.394453147
694,1.2964,0.397284582
695,1.277,0.394997384
696,1.3096,0.398688803
697,1.2821,0.389581345
698,1.2126,0.400466543
699,1.2951,0.403337797
700,1.3358,0.38254638
701,1.3421,0.366595961
702,1.2842,0.364214145
703,1.2279,0.369758653
704,1.3446,0.381176653
705,1.3127,0.395165896
706,1.3142,0.405947629
707,1.3824,0.39985474
708,1.2343,0.400297389
709,1.2694,0.41209207
710,1.2726,0.397245677
711,1.2713,0.381560876
712,1.2475,0.380106899
713,1.3166,0.386798729
714,1.3938,0.386631552
715,1.371,0.390376675
716,1.2338,0.381956279
717,1.4182,0.379924556
718,1.3714,0.392522099
719,1.275,0.397294373
720,1.318,0.409274564
721,1.2417,0.40335746
722,1.3077,0.401669113
723,1.2252,0.397754255
724,1.1436,0.399581712
725,1.3022,0.394005513
726,1.337,0.394973173
727,1.2869,0.393430435
728,1.3039,0.386403186
729,1.2532,0.38452662
730,1.3402,0.383580746
731,1.3471,0.382436229
732,1.2402,0.389435398
733,1.4042,0.411133433
734,1.493,0.422347124
735,1.5112,0.415305833
736,1.3169,0.395095742
737,1.2857,0.399662491
738,1.3927,0.4162188
739,1.4357,0.410098806
740,1.3263,0.384164023
741,1.2258,0.370168407
742,1.2441,0.376196078
743,1.2966,0.386293266
744,1.3226,0.38897857
745,1.34,0.380940663
746,1.282,0.381775591
747,1.3683,0.391527278
748,1.2883,0.384700895
749,1.2558,0.381429005
750,1.291,0.383765526
751,1.2556,0.39927137
752,1.2684,0.401318362
753,1.3123,0.399753168
754,1.3058,0.389964012
755,1.3565,0.412318229
756,1.4249,0.430301505
757,1.2781,0.413201579
758,1.2625,0.404426796
759,1.254,0.400479274
760,1.3668,0.404063109
761,1.3683,0.409155932
762,1.3998,0.399427302
763,1.3065,0.407774447
764,1.2971,0.410887026
765,1.2402,0.408289996
766,1.4581,0.423586659
767,1.338,0.427575667
768,1.285,0.412031481
769,1.3582,0.42463595
770,1.4399,0.421474098
771,1.4653,0.41119982
772,1.4576,0.402623072
773,1.4459,0.408147026
774,1.4104,0.410799785
775,1.3296,0.410351007
776,1.3227,0.406857922
777,1.2529,0.405677509
778,1.2099,0.394318833
779,1.3845,0.391553333
780,1.2899,0.393260276
781,1.2927,0.404427847
782,1.3804,0.420824747
783,1.5105,0.425584297
784,1.3697,0.419996071
785,1.3741,0.413652227
786,1.4266,0.412888536
787,1.3404,0.401384187
788,1.3897,0.412894184
789,1.4158,0.41793131
790,1.4846,0.416200026
791,1.5041,0.422306237
792,1.4825,0.420170442
793,1.5013,0.426543575
794,1.5139,0.418504906
795,1.5,0.393525291
796,1.3767,0.390296101
797,1.4237,0.393690339
798,1.3768,0.414202233
799,1.4453,0.416614881
800,1.5578,0.411563169
801,1.5852,0.411501428
802,1.4168,0.409452807
803,1.557,0.394420803
804,1.4176,0.386447356
805,1.2725,0.380512093
806,1.4574,0.393815256
807,1.329,0.395637252
808,1.347,0.400929367
809,1.3569,0.402844106
810,1.1458,0.386511624
811,1.3211,0.379074027
812,1.4007,0.379762815
813,1.3096,0.381919098
814,1.2853,0.374431271
815,1.1684,0.380424354
816,1.2477,0.394629953
817,1.2155,0.417727231
818,1.36,0.413446447
819,1.1984,0.400875381
820,1.2911,0.398739861
821,1.4025,0.394917809
822,1.4466,0.404454688
823,1.3489,0.391948421
824,1.4741,0.39075875
825,1.5604,0.396121555
826,1.4607,0.388497319
827,1.4096,0.386975307
828,1.4047,0.397946144
829,1.5044,0.393878036
830,1.5513,0.391095787
831,1.4787,0.393553127
832,1.3966,0.403953668
833,1.442,0.385610203
834,1.3849,0.382198247
835,1.4119,0.382799031
836,1.4744,0.377035495
837,1.4424,0.39033824
838,1.4343,0.418756328
839,1.3911,0.426567084
840,1.5113,0.435754305
841,1.5699,0.421106761
842,1.4543,0.398734113
843,1.4019,0.404326701
844,1.4721,0.419613695
845,1.4585,0.423629346
846,1.4981,0.419729794
847,1.5858,0.417919156
848,1.5797,0.405811073
849,1.4552,0.409764266
850,1.5654,0.424922828
851,1.6169,0.416617361
852,1.5181,0.397015169
853,1.4537,0.398718226
854,1.4467,0.402772404
855,1.3948,0.411399716
856,1.3516,0.420657601
857,1.4278,0.414550011
858,1.5072,0.414045797
859,1.4038,0.420304538
860,1.2856,0.417086877
861,1.1515,0.411061004
862,1.3226,0.422207869
863,1.4009,0.42927075
864,1.4142,0.432134196
865,1.3873,0.422467112
866,1.4619,0.405886395
867,1.4323,0.400933651
868,1.4946,0.409331725
869,1.3817,0.408753649
870,1.3245,0.392919852
871,1.2534,0.384141635
872,1.3494,0.379490881
873,1.4999,0.405241423
874,1.4574,0.410331324
875,1.3861,0.402070765
876,1.4201,0.401576165
877,1.5107,0.407058994
878,1.6603,0.403484536
879,1.4798,0.399109771
880,1.306,0.394790076
881,1.377,0.399371833
882,1.3073,0.408863335
883,1.3537,0.412480149
884,1.2854,0.401531203
885,1.2725,0.401361037
886,1.3861,0.412163654
887,1.5204,0.411504543
888,1.6326,0.42137475
889,1.5199,0.422666222
890,1.6055,0.417832302
891,1.6277,0.418765296
892,1.3845,0.417257014
893,1.465,0.413303264
894,1.4384,0.396113867
895,1.3685,0.388340679
896,1.4093,0.393400962
897,1.3407,0.397536475
898,1.3674,0.397897556
899,1.5482,0.393158936
900,1.4632,0.376329673
901,1.5022,0.382134525
902,1.5336,0.391613941
903,1.512,0.402099399
904,1.4222,0.41582304
905,1.4213,0.41600087
906,1.4066,0.412619031
907,1.4981,0.401515198
908,1.3536,0.404692033
909,1.3639,0.422534015
910,1.5026,0.415883888
911,1.4876,0.398787816
912,1.6162,0.39950704
913,1.6032,0.407316292
914,1.5391,0.411285968
915,1.5741,0.42152754
916,1.5225,0.427410827
917,1.6229,0.429040575
918,1.5816,0.428893299
919,1.5723,0.422429418
920,1.5733,0.424785423
921,1.6087,0.421893012
922,1.5985,0.412155398
923,1.4595,0.412901631
924,1.3888,0.415253368
925,1.4674,0.417410759
926,1.469,0.41607877
927,1.5752,0.419385372
928,1.6337,0.413641599
929,1.5301,0.406681737
930,1.4691,0.410371654
931,1.5509,0.417345684
932,1.5498,0.408849244
933,1.6503,0.395205629
934,1.4911,0.403143674
935,1.376,0.406656198
936,1.4325,0.405431546
937,1.5382,0.405016442
938,1.5722,0.413627564
939,1.5321,0.414354987
940,1.5875,0.410423748
941,1.6118,0.411414692
942,1.7851,0.423805186
943,1.7063,0.41960697
944,1.4102,0.413961179
945,1.4714,0.426018127
946,1.5808,0.445092974
947,1.6568,0.46032331
948,1.5296,0.44450338
949,1.6846,0.443120717
950,1.7369,0.438015525
951,1.5456,0.420179242
952,1.4403,0.421513005
953,1.5131,0.423643101
954,1.5324,0.426915871
955,1.5923,0.420920545
956,1.5069,0.419121125
957,1.5124,0.419987624
958,1.658,0.42022146
959,1.6895,0.409947032
960,1.5508,0.412466165
961,1.593,0.421325092
962,1.6031,0.423974845
963,1.5699,0.412072944
964,1.6678,0.408145612
965,1.6755,0.39670491
966,1.72,0.40092973
967,1.6955,0.414641005
968,1.499,0.418672199
969,1.5727,0.429087436
970,1.5543,0.415595043
971,1.4948,0.403390898
972,1.4801,0.417137983
973,1.6425,0.422819925
974,1.5959,0.413834075
975,1.515,0.421052444
976,1.602,0.425959698
977,1.7367,0.413974604
978,1.7625,0.418144895
979,1.7845,0.425784479
980,1.6711,0.433046608
981,1.6633,0.427204613
982,1.6823,0.412327933
983,1.5857,0.416207834
984,1.4786,0.412771918
985,1.5148,0.408000912
986,1.6207,0.412111253
987,1.5115,0.415505728
988,1.574,0.428416262
989,1.7346,0.435303733
990,1.6835,0.427671115
991,1.6641,0.416381419
992,1.4049,0.41286632
993,1.6184,0.42600005
994,1.6462,0.427310336
995,1.5636,0.422729439
996,1.4794,0.422163742
997,1.5733,0.421712328
998,1.591,0.417379598
999,1.4795,0.404066414
1000,1.5491,0.397856807
1001,1.6218,0.40419468
1002,1.6311,0.405716518
1003,1.6603,0.407418086
1004,1.6175,0.411053018
1005,1.4511,0.411647342
1006,1.5589,0.413635084
1007,1.6722,0.420897893
1008,1.5875,0.416141505
1009,1.5565,0.413292787
1010,1.5916,0.421391596
1011,1.7554,0.41522536
1012,1.7242,0.409553963
1013,1.7076,0.415350375
1014,1.5904,0.423423926
1015,1.7515,0.424088038
1016,1.5535,0.411795323
1017,1.5893,0.418991149
1018,1.5414,0.420069981
1019,1.4468,0.418696023
1020,1.4293,0.426727649
1021,1.4916,0.445493431
1022,1.5976,0.435585866
1023,1.6429,0.430017232
1024,1.7213,0.435810298
1025,1.6814,0.416087714
1026,1.603,0.415369439
1027,1.6861,0.429489621
1028,1.7796,0.430741156
1029,1.71,0.43688757
1030,1.6145,0.434602821
1031,1.5641,0.428640208
1032,1.6213,0.430931012
1033,1.5823,0.431560436
1034,1.5792,0.429602263
1035,1.5721,0.426956521
1036,1.6714,0.428814193
1037,1.6264,0.421052608
1038,1.4934,0.415998628
1039,1.5396,0.423369758
1040,1.5071,0.417960046
1041,1.4829,0.416276752
1042,1.5269,0.425521721
1043,1.7165,0.43438028
1044,1.6098,0.432609773
1045,1.703,0.436927394
1046,1.5465,0.437949994
1047,1.5005,0.43599869
1048,1.7357,0.433804995
1049,1.6344,0.43654893
1050,1.6315,0.452624861
1051,1.8001,0.448226175
1052,1.7615,0.436603921
1053,1.7617,0.433790121
1054,1.5982,0.432441284
1055,1.6418,0.427999183
1056,1.6098,0.436675592
1057,1.6717,0.442205185
1058,1.7168,0.43472005
1059,1.6726,0.418726488
1060,1.5904,0.403435906
1061,1.6974,0.414615154
1062,1.7237,0.437339224
1063,1.6246,0.434173648
1064,1.6275,0.430572614
1065,1.7917,0.436089587
1066,1.6476,0.439189653
1067,1.5932,0.440708742
1068,1.6303,0.445721743
1069,1.5248,0.442939859
1070,1.388,0.439852248
1071,1.5531,0.437944508
1072,1.5893,0.433232212
1073,1.6444,0.428401696
1074,1.6666,0.430015459
1075,1.6582,0.43049177
1076,1.4502,0.419296882
1077,1.5251,0.423172346
1078,1.7033,0.423220619
1079,1.6435,0.421949734
1080,1.7096,0.424740775
1081,1.774,0.432365277
1082,1.768,0.435315822
1083,1.735,0.431294123
1084,1.6859,0.434706751
1085,1.7581,0.431674022
1086,1.6374,0.41881322
1087,1.6658,0.412716038
1088,1.6457,0.420537093
1089,1.7358,0.429323636
1090,1.9146,0.429602493
1091,1.7846,0.422259483
1092,1.6896,0.418749431
1093,1.6919,0.422126973
1094,1.6782,0.427637666
1095,1.6024,0.428680177
1096,1.6807,0.434161163
1097,1.5879,0.434787927
1098,1.5875,0.431196359
1099,1.6408,0.426354047
1100,1.8222,0.424397142
1101,1.743,0.421915949
1102,1.8079,0.427653253
1103,1.72,0.428489819
1104,1.5858,0.427704589
1105,1.6136,0.426458206
1106,1.5547,0.418199476
1107,1.6444,0.426069403
1108,1.8365,0.442488383
1109,1.8687,0.441578742
1110,1.7564,0.443986104
1111,1.5048,0.444663016
1112,1.5767,0.449255134
1113,1.8241,0.457786904
1114,1.7817,0.448585666
1115,1.7377,0.442209051
1116,1.7264,0.431389219
1117,1.725,0.419267022
1118,1.6732,0.427983744
1119,1.5966,0.43193342
1120,1.601,0.436945206
1121,1.7054,0.441885013
1122,1.6965,0.435242424
1123,1.7402,0.429331301
1124,1.8792,0.424562972
1125,1.7741,0.423351481
1126,1.8335,0.426568263
1127,1.7967,0.423011646
1128,1.7047,0.423059107
1129,1.7188,0.425191662
1130,1.8693,0.433654849
1131,1.9254,0.42962896
1132,1.8255,0.42715177
1133,1.7951,0.431982011
1134,1.6917,0.434415553
1135,1.5634,0.431683427
1136,1.6207,0.439936123
1137,1.732,0.443017029
1138,1.8906,0.441331379
1139,1.8097,0.438000115
1140,1.8222,0.443973719
1141,1.9887,0.44724644
1142,1.9012,0.438158362
1143,1.7287,0.425354999
1144,1.786,0.422548398
1145,1.9478,0.430339336
1146,1.8716,0.433936624
1147,1.7749,0.439810306
1148,1.7244,0.443334298
1149,1.7801,0.438938959
1150,1.7954,0.445266953
1151,1.6765,0.462627441
1152,1.7126,0.459673644
1153,1.7721,0.434421645
1154,1.6911,0.418692178
1155,1.3731,0.41039169
1156,1.5092,0.431498959
1157,1.7651,0.433512312
1158,1.7571,0.422989918
1159,1.6351,0.422503883
1160,1.6603,0.420896274
1161,1.6494,0.421810362
1162,1.5852,0.414400042
1163,1.6738,0.414523071
1164,1.6998,0.417733304
1165,1.746,0.415206642
1166,1.9925,0.420037101
1167,1.88,0.421183204
1168,1.6926,0.424538519
1169,1.6305,0.437298572
1170,1.5686,0.443485659
1171,1.5459,0.437524805
1172,1.5524,0.433064946
1173,1.474,0.42730554
1174,1.5747,0.428860796
1175,1.684,0.435743845
1176,1.6337,0.414155944
1177,1.6367,0.412399738
1178,1.7255,0.42604363
1179,1.8625,0.429503381
1180,1.5421,0.421939848
1181,1.4114,0.418683631
1182,1.311,0.426670724
1183,1.3696,0.421970262
1184,1.5208,0.425064962
1185,1.6896,0.426668332
1186,1.5563,0.422697607
1187,1.6667,0.410581548
1188,1.5587,0.409957724
1189,1.614,0.408676827
1190,1.6338,0.396791401
1191,1.5968,0.399973481
1192,1.5221,0.410707681
1193,1.6888,0.425277418
1194,1.7496,0.426043119
1195,1.7924,0.421131783
1196,1.694,0.430804142
1197,1.6844,0.432113822
1198,1.8371,0.428304383
1199,1.8912,0.431180673
1200,1.7942,0.426588815
1201,1.5996,0.411466068
1202,1.6014,0.407934575
1203,1.7164,0.411199979
1204,1.6802,0.412274466
1205,1.7535,0.410060765
1206,1.8036,0.411182846
1207,1.5668,0.416729186
1208,1.5176,0.429601565
1209,1.5976,0.427946773
1210,1.6861,0.436344952
1211,1.7729,0.435044906
1212,1.7363,0.418761186
1213,1.695,0.410379134
1214,1.6547,0.401808474
1215,1.6063,0.404809394
1216,1.753,0.411360083
1217,1.9988,0.418012899
1218,1.9292,0.417751738
1219,1.6531,0.416096865
1220,1.7048,0.419327031
1221,1.8578,0.418043527
1222,1.771,0.42190167
1223,1.5972,0.429499295
1224,1.6546,0.424795788
1225,1.81,0.426367513
1226,1.707,0.426062321
1227,1.5313,0.431941158
1228,1.6594,0.437868567
1229,1.8254,0.43529403
1230,1.8306,0.427185754
1231,1.8269,0.427876858
1232,1.7894,0.435742771
1233,1.763,0.428835128
1234,1.7239,0.429546788
1235,1.7274,0.428864245
1236,1.6586,0.429983707
1237,1.7391,0.42953985
1238,1.9644,0.430979062
1239,2.0379,0.429338734
1240,1.8953,0.421732745
1241,1.7782,0.421301663
1242,1.6255,0.412082712
1243,1.6331,0.416228471
1244,1.6762,0.416580243
1245,1.6466,0.418460957
1246,1.7014,0.411935031
1247,1.8316,0.408291496
1248,1.6941,0.40567073
1249,1.6765,0.41309239
1250,1.7802,0.420863679
1251,1.8446,0.420359057
1252,1.8934,0.431943966
1253,1.9872,0.450078587
1254,1.8931,0.445467039
1255,1.7715,0.427710872
1256,1.7829,0.421998559
1257,1.7341,0.425960412
1258,1.79,0.43204154
1259,1.6413,0.428381764
1260,1.5656,0.427723839
1261,1.5551,0.430635299
1262,1.7459,0.438501711
1263,1.6951,0.428443014
1264,1.6406,0.423755127
1265,1.6727,0.42773999
1266,1.7198,0.42167309
1267,1.7619,0.418494188
1268,1.7777,0.432528524
1269,1.8911,0.448749351
1270,1.8331,0.444014256
1271,1.6952,0.43783359
1272,1.6529,0.448452747
1273,1.6767,0.454423236
1274,1.8354,0.448431543
1275,1.8492,0.440473156
1276,1.8615,0.438495071
1277,1.9278,0.438572365
1278,1.8049,0.432850247
1279,1.7343,0.430852281
1280,1.8489,0.437118947
1281,1.8889,0.442344547
1282,1.8639,0.441934007
1283,1.9147,0.435827876
1284,1.9336,0.429265585
1285,1.6496,0.423527474
1286,1.701,0.42410735
1287,1.8705,0.434773724
1288,2.0038,0.440195152
1289,2.0831,0.436598109
1290,1.9753,0.439112764
1291,1.9457,0.441475463
1292,1.7267,0.436351735
1293,1.6481,0.433339273
1294,1.7948,0.433574273
1295,1.7568,0.42772776
1296,1.7381,0.427671862
1297,1.7341,0.428360153
1298,1.9116,0.429743434
1299,1.8819,0.436484338
1300,1.6836,0.430336284
1301,1.6117,0.423595244
1302,1.5972,0.416119894
1303,1.616,0.412113858
1304,1.7692,0.429439151
1305,1.8021,0.445539052
1306,1.8526,0.449026725
1307,2.0567,0.442573257
1308,1.8648,0.438761714
1309,1.6162,0.435073811
1310,1.7439,0.432082956
1311,1.9243,0.428515972
1312,1.9198,0.42780405
1313,1.6211,0.429688314
1314,1.4787,0.428892677
1315,1.7628,0.426391906
1316,1.7937,0.425760597
1317,1.8866,0.422895499
1318,1.9444,0.422570828
1319,2.0985,0.426908104
1320,1.959,0.434696153
1321,1.8752,0.44277586
1322,1.8559,0.437763047
1323,1.64,0.437143071
1324,1.6124,0.44005877
1325,1.7589,0.450461812
1326,1.9417,0.453377823
1327,2.1195,0.445376406
1328,2.0098,0.440904373
1329,1.7991,0.435198865
1330,1.7602,0.42723054
1331,1.8514,0.429849063
1332,2.0055,0.439849204
1333,1.8186,0.443059083
1334,1.702,0.445096619
1335,1.8231,0.441508361
1336,1.9106,0.431232361
1337,1.8104,0.441545853
1338,1.9936,0.449026191
1339,1.9791,0.442917788
1340,1.8418,0.442361485
1341,1.776,0.452204157
1342,1.86,0.442473025
1343,1.9915,0.43614013
1344,2.0317,0.435339069
1345,1.9012,0.433412959
1346,1.6996,0.428146532
1347,1.7439,0.427939931
1348,1.8318,0.430304783
1349,1.8423,0.431372342
1350,1.931,0.431661807
1351,1.935,0.433009787
1352,1.9765,0.441475283
1353,2.1357,0.448675606
1354,2.1046,0.44261497
1355,1.9577,0.434953518
1356,1.943,0.438465056
1357,1.9986,0.456779066
1358,1.7706,0.44914801
1359,1.7054,0.44196746
1360,1.788,0.43660413
1361,1.8872,0.425886291
1362,1.9231,0.424874216
1363,1.965,0.428980275
1364,1.898,0.431900677
1365,2.0832,0.4364709
1366,2.102,0.431046518
1367,1.8259,0.423089642
1368,1.7994,0.425518376
1369,1.9227,0.43169397
1370,1.9223,0.433467712
1371,1.906,0.438009784
1372,1.9762,0.439297136
1373,1.9169,0.428380247
1374,1.9799,0.428714092
1375,1.9568,0.430423398
1376,1.967,0.438558566
1377,2.0439,0.450171124
1378,1.9971,0.449882563
1379,2.0045,0.447430096
1380,1.8135,0.441160031
1381,1.7264,0.437135224
1382,1.9127,0.441449887
1383,1.8411,0.443040957
1384,1.799,0.429891478
1385,1.9043,0.423365124
1386,1.7478,0.423567173
1387,1.6406,0.421304316
1388,1.6697,0.422269773
1389,1.7307,0.427963752
1390,1.8622,0.433611862
1391,1.9397,0.433351569
1392,2.025,0.433041843
1393,1.9777,0.436130811
1394,1.8309,0.43516455
1395,1.7829,0.433596816
1396,1.7489,0.43069918
1397,1.8242,0.42385541
1398,2.0148,0.423100698
1399,1.9272,0.432168306
1400,1.8085,0.44107214
1401,1.9937,0.448091825
1402,2.133,0.445971683
1403,2.0374,0.439962942
1404,1.8589,0.436251003
1405,1.6822,0.445652994
1406,1.6008,0.44927382
1407,1.775,0.448793934
1408,1.885,0.441458857
1409,1.9385,0.423886926
1410,1.7602,0.428862231
1411,1.8253,0.439728098
1412,1.9178,0.437845765
1413,1.9283,0.432540962
1414,1.9892,0.436749011
1415,1.927,0.438429308
1416,1.7787,0.439079343
1417,1.8517,0.445213246
1418,2.0392,0.446213414
1419,1.9891,0.437011236
1420,1.8846,0.442316052
1421,1.9416,0.453393758
1422,1.8207,0.443848648
1423,1.9347,0.44911809
1424,1.9859,0.454394918
1425,1.9824,0.447470354
1426,2.0769,0.454375821
1427,1.9775,0.46014198
1428,2.1438,0.459390139
1429,2.2242,0.451982837
1430,2.1997,0.461375256
1431,2.0978,0.481603928
1432,2.0713,0.484345072
1433,1.9893,0.475999413
1434,1.823,0.472596072
1435,1.9105,0.470364036
1436,2.1022,0.467796445
1437,2.3002,0.474407471
1438,2.051,0.474728352
1439,1.9825,0.473109754
1440,2.0458,0.468515942
1441,2.0935,0.464107104
1442,2.2336,0.457349494
1443,2.0401,0.449567246
1444,1.9734,0.448298423
1445,2.0754,0.45164498
1446,1.9999,0.457632166
1447,1.9942,0.462635837
1448,1.9788,0.468294981
1449,2.0858,0.470945499
1450,2.1539,0.461477464
1451,2.1571,0.448048127
1452,2.0521,0.449425242
1453,1.9768,0.456974536
1454,2.0387,0.463611938
1455,2.0728,0.453155503
1456,1.9974,0.44188758
1457,2.1293,0.439217025
1458,2.1371,0.442567386
1459,2.0301,0.443664291
1460,2.043,0.446200537
1461,1.9737,0.447791176
1462,1.9767,0.45928851
1463,2.0783,0.466947815
1464,2.2697,0.467742241
1465,2.2251,0.471545728
1466,2.1548,0.462924612
1467,2.1176,0.447876575
1468,2.1193,0.442659619
1469,1.9457,0.439716386
1470,1.8631,0.436950594
1471,1.9596,0.441421782
1472,1.9451,0.452670355
1473,1.8409,0.464379805
1474,1.8052,0.467637195
1475,1.9834,0.466060964
1476,2.07,0.460851279
1477,2.2413,0.462735427
1478,2.3285,0.458525529
1479,2.2587,0.455004748
1480,2.1924,0.459243834
1481,2.1493,0.464371363
1482,2.1853,0.461189496
1483,2.1615,0.45761054
1484,2.1554,0.452226503
1485,1.9948,0.442826497
1486,1.7757,0.439221535
1487,1.8358,0.439092724
1488,1.7556,0.445110518
1489,1.9069,0.45147634
1490,2.1076,0.447532441
1491,2.2054,0.444091498
1492,2.1108,0.446744365
1493,1.9405,0.44947979
1494,2.0717,0.444220926
1495,1.9999,0.440660565
1496,1.8455,0.453600867
1497,1.8712,0.46349587
1498,2.0001,0.461107938
1499,1.9536,0.452617151
1500,1.9725,0.456226832
1501,2.1174,0.45435081
1502,1.9029,0.453142572
1503,1.6988,0.449780892
1504,1.6752,0.450042397
1505,1.7657,0.45449296
1506,1.9254,0.461180929
1507,1.9306,0.466614518
1508,2.0044,0.463957089
1509,2.0898,0.460788217
1510,2.0203,0.461568754
1511,1.9909,0.459140752
1512,1.8916,0.454788047
1513,1.9222,0.45462372
1514,2.048,0.445542107
1515,2.0567,0.440134071
1516,1.9937,0.442854051
1517,1.9766,0.446359011
1518,1.98,0.453877581
1519,2.0051,0.460573572
1520,2.0328,0.454671186
1521,1.954,0.446943691
1522,1.8064,0.43784107
1523,1.8031,0.437116438
1524,1.9294,0.443649173
1525,1.8663,0.450045752
1526,1.7411,0.451302295
1527,1.7208,0.4451446
1528,1.9912,0.447220046
1529,2.1103,0.445403567
1530,2.2909,0.439149877
1531,2.2218,0.44348615
1532,1.9983,0.447549943
1533,1.8555,0.446350513
1534,1.9055,0.447779825
1535,2.258,0.44791368
1536,2.1815,0.445611074
1537,2.0846,0.440309138
1538,2.1065,0.436146548
1539,2.2137,0.447991435
1540,2.1122,0.450729123
1541,2.0967,0.447772
1542,2.2625,0.448183701
1543,2.0685,0.453084623
1544,1.8965,0.461855945
1545,1.8059,0.467171597
1546,1.8162,0.462640372
1547,1.9144,0.448813828
1548,1.8992,0.436987402
1549,1.9642,0.435759863
1550,1.9607,0.439332143
1551,1.8774,0.443508374
1552,1.9664,0.444860041
1553,2.1066,0.451555764
1554,2.1017,0.453288217
1555,2.1522,0.456457505
1556,2.1718,0.457866397
1557,2.2152,0.457403336
1558,1.9549,0.455355387
1559,1.9066,0.458846887
1560,2.1779,0.463198402
1561,2.1411,0.455130476
1562,2.0308,0.46171093
1563,1.8525,0.457360158
1564,1.9301,0.457864062
1565,1.9494,0.453838829
1566,1.8527,0.449759865
1567,1.9282,0.45701992
1568,1.9564,0.45972921
1569,2.157,0.4487518
1570,2.219,0.452684724
1571,2.1257,0.455438186
1572,2.1731,0.449486432
1573,2.1697,0.452116321
1574,2.0094,0.449607855
1575,2.0533,0.45061957
1576,2.13,0.451988692
1577,2.2981,0.455207674
1578,2.2126,0.45753762
1579,2.2363,0.45410031
1580,2.2251,0.451079665
1581,2.2147,0.457865707
1582,2.2246,0.464543359
1583,2.2021,0.455924988
1584,2.186,0.445340189
1585,2.1211,0.446520262
1586,1.9114,0.447637559
1587,1.8354,0.443256412
1588,2.0035,0.443052401
1589,2.0926,0.442170001
1590,2.0495,0.437035164
1591,2.0037,0.443290119
1592,2.1212,0.446682476
1593,2.0298,0.437122135
1594,2.085,0.430222925
1595,2.1308,0.433592562
1596,2.047,0.442131249
1597,2.0253,0.443894398
1598,2.0852,0.442951856
1599,2.0895,0.44896352
1600,1.9474,0.445020399
1601,1.9116,0.438898658
1602,2.0499,0.444891442
1603,2.264,0.448093723
1604,2.2593,0.447936915
1605,2.2752,0.452407528
1606,1.9578,0.449366136
1607,1.8109,0.446287087
1608,1.8157,0.445201828
1609,1.8928,0.442751123
1610,1.8278,0.446471393
1611,1.7553,0.447648973
1612,1.8926,0.450450945
1613,1.9118,0.446574072
1614,1.9843,0.442343103
1615,2.0666,0.440814675
1616,2.1511,0.441641543
1617,2.0428,0.445766507
1618,2.0549,0.446747231
1619,2.0575,0.445498862
1620,2.0056,0.448976931
1621,1.9803,0.451910865
1622,1.9152,0.456444387
1623,2.0089,0.462257124
1624,2.0275,0.4522796
1625,1.9646,0.448456825
1626,1.998,0.455641597
1627,2.0726,0.464383459
1628,2.1086,0.469516115
1629,2.1411,0.462914595
1630,2.174,0.46287616
1631,2.1253,0.463728051
1632,2.0385,0.457495861
1633,2.0366,0.459184086
1634,2.0704,0.457127249
1635,2.0185,0.452032273
1636,2.1232,0.457023743
1637,2.177,0.471317989
1638,2.1538,0.476194747
1639,2.0924,0.472803808
1640,2.3236,0.471731315
1641,2.2659,0.470759303
1642,2.3015,0.480965916
1643,2.3027,0.48161987
1644,2.1464,0.48091729
1645,2.1655,0.469938292
1646,2.3488,0.465020398
1647,2.3605,0.457097173
1648,2.2042,0.463210033
1649,2.1901,0.462326206
1650,2.2046,0.454763709
1651,2.1518,0.445218257
1652,2.1615,0.443572234
1653,2.0085,0.443365975
1654,2.0101,0.446993358
1655,2.1028,0.455049415
1656,1.9535,0.457060912
1657,2.1162,0.452983973
1658,2.0897,0.440845142
1659,1.9816,0.442132044
1660,2.0228,0.442349262
1661,2.1077,0.441216238
1662,1.9783,0.443688226
1663,1.8565,0.447910162
1664,2.0234,0.44545176
1665,2.1583,0.440863266
1666,2.0108,0.443591362
1667,1.9863,0.447861619
1668,1.9202,0.449450365
1669,1.7105,0.449184385
1670,1.932,0.45567323
1671,1.9931,0.464499169
1672,2.0904,0.471044512
1673,2.1502,0.463562954
1674,2.0957,0.462748769
1675,2.2395,0.463634405
1676,2.2498,0.46676438
1677,2.3405,0.46696093
1678,2.0762,0.461163069
1679,2.0189,0.450634137
1680,1.9813,0.440781994
1681,2.0463,0.440839629
1682,1.9702,0.452535986
1683,2.0618,0.460366336
1684,2.1251,0.46101807
1685,2.3517,0.454892875
1686,2.1639,0.446791663
1687,2.0769,0.441529923
1688,2.0745,0.440889499
1689,2.0693,0.447049624
1690,2.0976,0.455020465
1691,2.1503,0.468471752
1692,2.0749,0.470218282
1693,1.985,0.470998436
1694,2.1099,0.467329946
1695,2.0894,0.45670583
1696,1.9331,0.464822035
1697,1.8977,0.47072118
1698,1.9846,0.470859778
1699,2.0203,0.461979847
1700,2.1737,0.464089935
1701,2.2317,0.467992002
1702,2.1279,0.4647425
1703,2.0326,0.457895378
1704,2.0843,0.458642558
1705,2.14,0.459874321
1706,2.1405,0.459112552
1707,2.1526,0.459421573
1708,2.1901,0.460948257
1709,2.0469,0.457358887
1710,1.934,0.460292909
1711,1.9609,0.471364259
1712,2.0216,0.474631123
1713,2.1188,0.473599763
1714,2.1365,0.474324564
1715,2.192,0.479219339
1716,2.2134,0.473963305
1717,2.1168,0.465309952
1718,2.0523,0.454948768
1719,1.9379,0.452270575
1720,1.7573,0.456034446
1721,1.6967,0.47036595
1722,2.0406,0.47270878
1723,2.3118,0.465597976
1724,2.1832,0.476726384
1725,2.0168,0.480586903
1726,2.0561,0.469811369
1727,2.0641,0.45636308
1728,2.0424,0.452352635
1729,1.84,0.469721773
1730,1.8296,0.482860509
1731,1.9281,0.480523663
1732,2.1349,0.461053634
1733,2.0889,0.451063669
1734,2.1014,0.454155368
1735,2.2126,0.464239439
1736,2.0354,0.458953514
1737,2.1984,0.46052268
1738,2.3426,0.458081044
1739,2.1002,0.455409501
1740,2.0497,0.456541994
1741,2.1888,0.468409169
1742,2.0882,0.474272622
1743,2.1097,0.471924095
1744,2.2329,0.464122036
1745,2.3781,0.461867888
1746,2.3725,0.4597054
1747,2.3975,0.453714567
1748,2.3032,0.447788589
1749,2.1364,0.45003987
1750,2.0317,0.455855611
1751,1.9439,0.456627394
1752,2.1149,0.456139292
1753,2.2742,0.453305182
1754,2.0699,0.455877461
1755,2.0153,0.457085479
1756,2.1768,0.459177609
1757,2.0717,0.458690476
1758,2.2072,0.459525707
1759,2.0681,0.460923222
1760,1.9271,0.461897995
1761,1.919,0.455044451
1762,1.8889,0.44960898
1763,1.7482,0.453280974
1764,1.9639,0.457017385
1765,2.0844,0.457754921
1766,1.9586,0.457601647
1767,2.0297,0.457870769
1768,2.2256,0.461108346
1769,2.2397,0.458736819
1770,2.3137,0.455919182
1771,2.3982,0.456757037
1772,2.2892,0.4560891
1773,2.3311,0.455235239
1774,2.3667,0.448013434
1775,2.2531,0.444517817
1776,2.2575,0.454035133
1777,2.2806,0.460258431
1778,2.1943,0.460918009
1779,2.2052,0.454280477
1780,2.2021,0.452418455
1781,2.3629,0.457560783
1782,2.358,0.452699668
1783,2.2116,0.439271979
1784,2.1735,0.434193778
1785,2.101,0.435640422
1786,2.0462,0.435981773
1787,2.0694,0.44019696
1788,2.4303,0.449992213
1789,2.2001,0.451482451
1790,2.1919,0.457908146
1791,2.2536,0.463612243
1792,2.1135,0.461382929
1793,2.0834,0.451580736
1794,2.0308,0.454759161
1795,1.9061,0.462445855
1796,1.8811,0.463351308
1797,1.8665,0.459331191
1798,1.9031,0.455792647
1799,2.0967,0.459329581
1800,2.2449,0.460418053
1801,2.3294,0.455431157
1802,2.249,0.456004968
1803,2.3051,0.462463583
1804,2.3672,0.459662311
1805,2.078,0.456243332
1806,1.9213,0.468154642
1807,2.0952,0.468726668
1808,2.222,0.463377865
1809,2.1688,0.459047419
1810,2.169,0.45500727
1811,2.1211,0.453674076
1812,2.2699,0.459470626
1813,2.4552,0.45880602
1814,2.3273,0.456268824
1815,2.2176,0.457075832
1816,2.2364,0.462849836
1817,2.2902,0.460991645
1818,2.3368,0.45794581
1819,2.2037,0.459489764
1820,2.1773,0.466278911
1821,2.1181,0.46443396
1822,1.983,0.458069923
1823,2.0399,0.45835632
1824,2.2142,0.455392337
1825,2.3826,0.459924146
1826,2.3417,0.459147933
1827,2.3062,0.460705812
1828,2.1301,0.453521234
1829,2.1175,0.443267414
1830,2.0731,0.449602767
1831,1.8944,0.459888641
1832,1.8487,0.468249551
1833,2.0706,0.465029543
1834,2.1762,0.452749727
1835,2.3247,0.442183299
1836,2.4881,0.439768306
1837,2.5377,0.448501182
1838,2.3907,0.453562119
1839,2.2319,0.453737468
1840,2.2419,0.443390667
1841,2.1702,0.441948686
1842,2.0947,0.441070475
1843,2.2315,0.446009393
1844,2.2412,0.448748445
1845,2.1831,0.440633915
1846,1.8426,0.43570244
1847,1.9161,0.448659662
1848,2.1621,0.463967302
1849,2.0846,0.471974948
1850,1.8023,0.470398407
1851,1.7789,0.458256648
1852,1.9932,0.444487291
1853,2.0793,0.447825045
1854,2.0009,0.448116092
1855,2.0126,0.441426644
1856,2.1263,0.438770949
1857,2.2255,0.440203293
1858,2.1935,0.452374235
1859,2.0176,0.461678726
1860,1.8798,0.45679772
1861,1.9148,0.457999574
1862,2.0624,0.454764883
1863,2.0293,0.442998694
1864,1.982,0.441336489
1865,2.0189,0.439583908
1866,2.1436,0.440435382
1867,2.1788,0.434467744
1868,2.0805,0.438450845
1869,1.9821,0.454594238
1870,2.1714,0.459916749
1871,2.3719,0.454779439
1872,2.4279,0.450661475
1873,2.3511,0.444221159
1874,2.1911,0.438905963
1875,2.1761,0.435378023
1876,2.4381,0.437039886
1877,2.6355,0.444013571
1878,2.3064,0.45066073
1879,2.2607,0.455618272
1880,2.1375,0.450062923
1881,2.2439,0.448633136
1882,2.2677,0.451240223
1883,2.1802,0.453474299
1884,2.3788,0.459068806
1885,2.4142,0.460210472
1886,2.2373,0.456797177
1887,2.2373,0.453471228
1888,2.2938,0.454746496
1889,2.2698,0.45713019
1890,2.1272,0.456136563
1891,2.1461,0.452969226
1892,2.1874,0.446789703
1893,2.0804,0.450365443
1894,2.1218,0.451946444
1895,2.2343,0.452255116
1896,2.3608,0.452587461
1897,2.4066,0.453836982
1898,2.302,0.454610033
1899,2.2327,0.451848839
1900,2.1638,0.452708022
1901,2.284,0.452278062
1902,2.1493,0.449099636
1903,2.0467,0.446758462
1904,2.081,0.446748426
1905,2.2044,0.443068136
1906,2.3229,0.444298522
1907,2.2248,0.441688098
1908,2.1043,0.434722291
1909,2.1465,0.435516284
1910,2.0672,0.442213465
1911,1.8944,0.450178937
1912,1.9059,0.457695497
1913,1.9177,0.450166324
1914,1.9655,0.438934161
1915,2.0266,0.433243129
1916,1.9384,0.436568605
1917,1.9707,0.441894709
1918,2.1005,0.448931464
1919,2.304,0.451633109
1920,2.3455,0.456939423
1921,2.2666,0.451831449
1922,2.2046,0.452298764
1923,2.1568,0.457574663
1924,2.1068,0.461855158
1925,2.0455,0.456286043
1926,2.0708,0.459757085
1927,2.2154,0.465271634
1928,2.1966,0.463391173
1929,2.2654,0.460598288
1930,2.3707,0.454467138
1931,2.1525,0.450416674
1932,2.0026,0.45828461
1933,2.0936,0.459619816
1934,2.0465,0.440968861
1935,1.9612,0.44230834
1936,2,0.448722547
1937,2.2394,0.454847265
1938,2.2165,0.454193221
1939,2.1144,0.452577058
1940,2.1992,0.458028112
1941,2.2418,0.458076737
1942,2.1599,0.455173381
1943,1.9475,0.451939484
1944,1.9459,0.45184178
1945,2.1926,0.452745545
1946,2.314,0.454059648
1947,2.2485,0.457504935
1948,2.1165,0.462243957
1949,2.1194,0.466276887
1950,2.1516,0.463522487
1951,2.3458,0.45885237
1952,2.3472,0.45387155
1953,2.2766,0.450483459
1954,2.2165,0.446547049
1955,2.0912,0.447461936
1956,2.0865,0.454841078
1957,2.1667,0.46036669
1958,2.1841,0.460153696
1959,1.9636,0.473971716
1960,1.7396,0.475459313
1961,1.9122,0.466629196
1962,1.9015,0.464653589
1963,2.0464,0.459291368
1964,2.1402,0.455729561
1965,2.2967,0.457093547
1966,2.3514,0.458525564
1967,2.4703,0.457577788
1968,2.4439,0.449885508
1969,2.2441,0.460594985
1970,2.3538,0.474383075
1971,2.3172,0.486863475
1972,2.3092,0.494642555
1973,2.2992,0.493560829
1974,2.2236,0.497869757
1975,2.2289,0.501981369
1976,2.3637,0.502907805
1977,2.2214,0.499172862
1978,2.1597,0.509304363
1979,2.0746,0.510536597
1980,2.0674,0.506706143
1981,2.1882,0.497614699
1982,2.265,0.492958346
1983,2.5164,0.495285522
1984,2.5639,0.502163914
1985,2.5041,0.507348578
1986,2.4799,0.51023463
1987,2.4523,0.505100786
1988,2.5322,0.502090423
1989,2.4865,0.501568456
1990,2.3198,0.512442025
1991,2.3767,0.522914325
1992,2.3797,0.522741672
1993,2.5973,0.523488696
1994,2.5284,0.527167044
1995,2.662,0.529668904
1996,2.5567,0.531570536
1997,2.5618,0.532170304
1998,2.5942,0.531625023
1999,2.7159,0.528045763
2000,2.7295,0.527090177
2001,2.525,0.530175605
2002,2.3053,0.533556635
2003,2.4381,0.54084654
2004,2.0324,0.556949805
2005,1.7845,0.577289418
2006,1.9481,0.581524717
2007,2.2183,0.578023965
2008,2.3697,0.569794185
2009,2.2067,0.569797077
2010,2.3302,0.565111388
2011,2.4244,0.559780127
2012,2.339,0.540907305
2013,2.193,0.537879746
2014,2.3862,0.541528755
2015,2.4379,0.547450292
2016,2.3744,0.542494653
2017,2.4471,0.539774392
2018,2.4159,0.540154482
2019,2.4322,0.550107215
2020,2.3506,0.557133028
2021,2.306,0.561047765
2022,2.1303,0.570224917
2023,2.1639,0.567392695
2024,2.2812,0.569606485
2025,2.3344,0.578080821
2026,2.4878,0.593575285
2027,2.5967,0.602816424
2028,2.4068,0.606413141
2029,2.3593,0.605013615
2030,2.358,0.596878898
2031,2.4883,0.586788555
2032,2.4461,0.57487394
2033,2.6531,0.567874458
2034,2.617,0.564242937
2035,2.6622,0.571251682
2036,2.6287,0.577102184
2037,2.4851,0.578823543
2038,2.4985,0.5811859
2039,2.6627,0.584779454
2040,2.7836,0.58271939
2041,2.5687,0.57091317
2042,2.4116,0.558563634
2043,2.3906,0.54889127
2044,2.7236,0.546520154
2045,2.7205,0.547940497
2046,2.8253,0.550365095
2047,3.0185,0.551035528
2048,2.9757,0.549228022
2049,2.7555,0.543935252
2050,2.5334,0.548362793
2051,2.5846,0.551646261
2052,2.7223,0.56045488
2053,2.8912,0.56658412
2054,2.9967,0.570242171
2055,3.0583,0.572665584
2056,3.1289,0.570054031
2057,3.0253,0.56176842
2058,3.0073,0.560939687
2059,2.8951,0.560271961
2060,2.8466,0.5671896
2061,2.7673,0.574305746
2062,2.7315,0.587247405
2063,2.6496,0.590273217
2064,2.6519,0.586253023
2065,2.6868,0.582599027
2066,2.9101,0.583665961
2067,2.7858,0.593940337
2068,2.5022,0.597956487
2069,2.509,0.602510778
2070,2.609,0.599461951
2071,2.7782,0.595969577
2072,3.0253,0.589462574
2073,3.0854,0.58535069
2074,2.877,0.58344629
2075,2.6934,0.583115247
2076,2.7328,0.580689665
2077,2.8712,0.576530631
2078,2.8569,0.575912383
2079,2.8993,0.573384572
2080,2.8659,0.57273571
2081,2.8484,0.570856714
2082,2.8306,0.563582209
2083,2.7537,0.55259463
2084,2.6716,0.54375069
2085,2.7511,0.547615563
2086,2.8668,0.551662552
2087,2.9913,0.555121406
2088,3.1868,0.562304543
2089,3.2298,0.569444854
2090,3.179,0.577861937
2091,3.0151,0.583014656
2092,2.9478,0.582384643
2093,2.6261,0.581820655
2094,2.3869,0.593154354
2095,2.416,0.605174179
2096,2.4876,0.607765053
2097,2.5811,0.596991393
2098,2.705,0.587702941
2099,2.9585,0.584359399
2100,2.8817,0.587144023
2101,2.8223,0.582528852
2102,2.9544,0.583651174
2103,2.9815,0.586838133
2104,2.9884,0.591136404
2105,2.8806,0.592370133
2106,2.9047,0.593633292
2107,2.8901,0.593712213
2108,2.9043,0.589221568
2109,2.9681,0.592437993
2110,2.9227,0.5909728
2111,2.6277,0.594452917
2112,2.3776,0.600101066
2113,2.3476,0.597791339
2114,2.5087,0.593557994
2115,2.8664,0.589311764
2116,2.7591,0.599481549
2117,2.2985,0.609874827
2118,2.1099,0.615619788
2119,2.2282,0.61786029
2120,2.366,0.616410883
2121,2.298,0.615777111
2122,2.3476,0.62246395
2123,2.3328,0.618614321
2124,2.4862,0.614047341
2125,2.7232,0.608906603
2126,2.746,0.606603247
2127,2.9191,0.611010945
2128,2.8586,0.61287703
2129,2.9525,0.615691491
2130,2.9884,0.615249764
2131,3.1048,0.616682491
2132,3.1203,0.616785603
2133,2.9833,0.616557514
2134,2.9122,0.609772009
2135,2.6096,0.601395668
2136,2.5733,0.603276348
2137,2.3189,0.605541999
2138,2.5376,0.607397678
2139,2.6195,0.604431646
2140,2.7671,0.599891063
2141,2.4519,0.596250551
2142,2.4186,0.607791468
2143,2.3948,0.618770733
2144,2.5059,0.624697303
2145,2.4185,0.618466335
2146,2.3947,0.618840493
2147,2.2867,0.618492774
2148,2.1434,0.622398311
2149,2.0489,0.625991062
2150,2.0751,0.630598594
2151,2.3593,0.630352085
2152,2.3724,0.623469888
2153,2.3843,0.615516465
2154,2.4839,0.60928188
2155,2.7427,0.602991234
2156,2.8133,0.594572852
2157,2.6845,0.590535015
2158,2.6993,0.590874539
2159,2.7103,0.592267844
2160,2.8753,0.597855195
2161,3.1806,0.597573629
2162,2.9868,0.594207131
2163,3.0699,0.590155533
2164,2.8418,0.587091998
2165,2.846,0.589541598
2166,2.8462,0.598768991
2167,2.6597,0.600314311
2168,2.6298,0.599639432
2169,2.5279,0.59865232
2170,2.4938,0.59990531
2171,2.2252,0.602856986
2172,2.2631,0.611528232
2173,2.2518,0.619304066
2174,2.3299,0.624543982
2175,2.5028,0.628913946
2176,2.5816,0.62791374
2177,2.8344,0.625276305
2178,2.7628,0.625529107
2179,2.8063,0.629957491
2180,2.8071,0.637721714
2181,2.8509,0.639543315
2182,2.8654,0.644217496
2183,2.8322,0.645126278
2184,2.8805,0.640497058
2185,2.9358,0.633416727
2186,2.8259,0.62520001
2187,2.7768,0.621112331
2188,2.9372,0.62523888
2189,3.0901,0.624050588
2190,3.3929,0.621691574
2191,3.4401,0.614766716
2192,3.3428,0.608029901
2193,2.9912,0.597594459
2194,2.8725,0.598384893
2195,2.9126,0.595315156
2196,2.9773,0.598231568
2197,3.0285,0.596558368
2198,2.8926,0.596141788
2199,2.8046,0.593137691
2200,2.8133,0.595768165
2201,2.9356,0.5983452
2202,2.8958,0.609787044
2203,2.7858,0.613482266
2204,2.6231,0.613523713
2205,2.621,0.613996546
2206,2.5417,0.627965759
2207,2.4333,0.63113267
2208,2.5142,0.627267878
2209,2.7573,0.623730083
2210,3.0699,0.61725362
2211,3.0684,0.615326524
2212,3.207,0.615279384
2213,3.1096,0.615290358
2214,2.9261,0.613636691
2215,2.8516,0.613524093
2216,2.9027,0.610195345
2217,2.8133,0.614376358
2218,2.465,0.626149334
2219,1.9878,0.628550335
2220,1.8775,0.620424459
2221,2.1665,0.616513242
2222,2.4616,0.614493386
2223,2.7868,0.61340423
2224,2.888,0.615864779
2225,2.6713,0.611992466
2226,2.7723,0.608847847
2227,2.7543,0.612333283
2228,2.6959,0.61413829
2229,2.3754,0.61694792
2230,2.4602,0.619760907
2231,2.5307,0.627331866
2232,2.6385,0.632657229
2233,2.6694,0.632546694
2234,2.814,0.629494118
2235,3.0236,0.620047521
2236,2.9812,0.618458246
2237,3.1476,0.619191514
2238,3.0616,0.625597292
2239,2.9374,0.629049232
2240,2.6677,0.623747603
2241,2.5109,0.615759576
2242,2.7158,0.612107359
2243,2.6425,0.605803106
2244,2.8121,0.608155678
2245,2.6138,0.606549074
2246,2.5618,0.610940863
2247,2.5148,0.61160445
2248,2.6635,0.619465492
2249,2.8113,0.620519362
2250,2.9553,0.618320709
2251,2.9776,0.61318511
2252,2.8691,0.612862231
2253,2.8712,0.615201927
2254,2.799,0.61345367
2255,2.9044,0.616484028
2256,2.7724,0.612926866
2257,2.6877,0.608731519
2258,2.7077,0.606692594
2259,2.5785,0.608433451
2260,2.7185,0.613317413
2261,2.8086,0.618837506
2262,2.821,0.620182242
2263,2.6757,0.625049442
2264,1.8993,0.647388929
2265,1.5873,0.652078049
2266,1.9093,0.651281334
2267,2.3495,0.643559939
2268,2.2969,0.649363024
2269,2.0572,0.647926303
2270,2.0365,0.64498944
2271,2.1774,0.650298648
2272,2.2808,0.651755807
2273,2.3758,0.643778642
2274,2.6399,0.636133756
2275,2.7401,0.621537602
2276,2.806,0.624299426
2277,2.6318,0.624598472
2278,2.6005,0.62567702
2279,2.7247,0.625650353
2280,2.7562,0.625015104
2281,2.8179,0.621250725
2282,2.7744,0.618604204
2283,2.9056,0.62320526
2284,2.8137,0.628609452
2285,2.8024,0.633019995
2286,2.7763,0.630434583
2287,2.7355,0.630430543
2288,2.8609,0.635076299
2289,2.8738,0.641138309
2290,3.0295,0.639752369
2291,2.9715,0.638999496
2292,2.8677,0.640792583
2293,2.6989,0.643363069
2294,2.7556,0.645434114
2295,2.8816,0.645482298
2296,2.9739,0.643617699
2297,3.007,0.644027755
2298,2.9066,0.644458528
2299,2.8586,0.643476617
2300,2.885,0.643062976
2301,2.9993,0.646785451
2302,2.8537,0.646449306
2303,2.6929,0.631683166
2304,2.8301,0.626171033
2305,2.9754,0.622433151
2306,3.132,0.626262515
2307,3.1629,0.629536177
2308,3.0293,0.62897369
2309,3.0958,0.625682931
2310,3.1482,0.629251047
2311,3.0564,0.633158874
2312,2.9815,0.63642198
2313,2.768,0.641397285
2314,2.238,0.66141845
2315,2.0284,0.66857342
2316,2.2392,0.674767037
2317,2.4073,0.667029633
2318,2.3084,0.657949502
2319,2.3683,0.650464482
2320,2.611,0.64168479
2321,3.0442,0.64005853
2322,2.9805,0.638808052
2323,2.804,0.647556882
2324,2.6498,0.647695296
2325,2.764,0.644863041
2326,2.8751,0.637211836
2327,2.8426,0.631791922
2328,3.0396,0.631275987
2329,3.1406,0.636560159
2330,3.1951,0.642911911
2331,2.9348,0.646310302
2332,2.7705,0.650195678
2333,2.6421,0.656385927
2334,2.815,0.659309535
2335,2.6842,0.658908747
2336,2.8456,0.655221348
2337,2.9022,0.655322317
2338,2.9478,0.655384843
2339,2.929,0.663560327
2340,2.6311,0.661110237
2341,2.4687,0.652454687
2342,2.4118,0.637384604
2343,2.5914,0.630369579
2344,2.75,0.625373225
2345,2.9629,0.623472753
2346,3.0641,0.620814739
2347,3.0253,0.621726965
2348,3.1346,0.625071945
2349,3.3352,0.625287479
2350,3.3303,0.634091366
2351,3.3583,0.642809301
2352,3.3297,0.648811557
2353,3.1439,0.654264384
2354,3.1926,0.651767411
2355,3.083,0.646038346
2356,3.0806,0.638137742
2357,3.0537,0.633369871
2358,3.0625,0.628069412
2359,3.2452,0.631330022
2360,3.1085,0.635581247
2361,3.1545,0.639832207
2362,3.1726,0.648160564
2363,3.2051,0.648131467
2364,3.2334,0.652239486
2365,3.1022,0.657335129
2366,3.0009,0.661672278
2367,2.9035,0.665203522
2368,2.823,0.665340424
2369,2.8279,0.665934605
2370,2.7921,0.667414518
2371,2.8438,0.672465647
2372,2.808,0.674466938
2373,3.0404,0.672560487
2374,2.9878,0.674182677
2375,2.9681,0.680465965
2376,2.5784,0.682543551
2377,2.5699,0.676296774
2378,2.6977,0.66480965
2379,2.997,0.655922776
2380,3.145,0.657297132
2381,3.1428,0.657761801
2382,2.948,0.662336936
2383,2.7321,0.663020348
2384,2.7311,0.664602636
2385,2.7768,0.658388646
2386,3.0125,0.654496417
2387,3.1157,0.649655107
2388,3.1656,0.655905472
2389,2.9646,0.661579071
2390,2.9258,0.670474207
2391,3.0168,0.66557412
2392,2.9198,0.657301301
2393,2.9317,0.650077408
2394,2.83,0.649290455
2395,2.7995,0.655107138
2396,2.793,0.658218586
2397,2.9584,0.661629435
2398,3.0454,0.661121513
2399,3.0678,0.659964608
2400,3.0046,0.655127714
2401,3.1029,0.65480643
2402,3.2615,0.654173449
2403,3.2107,0.650870344
2404,3.2967,0.649480572
2405,3.4517,0.655412237
2406,3.1598,0.664818438
2407,3.0199,0.66777645
2408,3.1321,0.665179586
2409,3.1865,0.657139452
2410,3.3682,0.648703403
2411,3.304,0.651363646
2412,3.187,0.656070061
2413,2.905,0.664785566
2414,3.1017,0.670366957
2415,2.8169,0.665681752
2416,2.948,0.65856099
2417,2.9,0.650271426
2418,2.4806,0.662886047
2419,2.0507,0.692432063
2420,2.105,0.708783861
2421,2.301,0.692967273
2422,2.3576,0.684539722
2423,2.2038,0.697592774
2424,2.0985,0.703089023
2425,2.2069,0.69796726
2426,2.3877,0.681951102
2427,2.7024,0.668507317
2428,2.9369,0.66341142
2429,3.2815,0.660671369
2430,3.2471,0.660631019
2431,3.2835,0.662701496
2432,3.1656,0.662127767
2433,3.0262,0.662464701
2434,3.0135,0.665355562
2435,3.2857,0.668298373
2436,3.1407,0.660581568
2437,3.2373,0.657826089
2438,3.2075,0.654377979
2439,3.0624,0.648809301
2440,3.2825,0.649821913
2441,3.3757,0.649848409
2442,3.4254,0.65331768
2443,3.4329,0.656587611
2444,3.5563,0.659365875
2445,3.4325,0.657179679
2446,3.4163,0.662074787
2447,3.4316,0.657928939
2448,3.3749,0.660758511
2449,3.3868,0.661420703
2450,3.4305,0.661599078
2451,3.2309,0.668120988
2452,3.2996,0.663644467
2453,3.2015,0.660992635
2454,3.0584,0.662781041
2455,2.8943,0.664658558
2456,2.8263,0.672462258
2457,2.9619,0.674336308
2458,3.159,0.672912263
2459,3.0647,0.674767373
2460,3.0493,0.677046202
2461,2.8043,0.68240185
2462,2.9393,0.690385857
2463,2.9804,0.692004542
2464,2.8473,0.692609605
2465,2.8721,0.687577425
2466,2.8626,0.688322613
2467,2.9056,0.690344295
2468,3.06,0.68639692
2469,2.9652,0.683254742
2470,3.0514,0.681282326
2471,3.1102,0.683457008
2472,3.0218,0.687002335
2473,3.0191,0.686232176
2474,3.1729,0.686206284
2475,3.1177,0.685443638
2476,3.1933,0.68324535
2477,3.0559,0.682147053
2478,3.0826,0.676264426
2479,3.0039,0.676767311
2480,2.9295,0.671933607
2481,2.9128,0.67279086
2482,2.9132,0.667082899
2483,2.9689,0.663245606
2484,3.0008,0.665511861
2485,3.0469,0.675174356
2486,2.8098,0.676907788
2487,2.8169,0.684379141
2488,2.848,0.687487447
2489,2.7901,0.695495634
2490,2.7044,0.6892649
2491,2.7243,0.684212511
2492,2.9292,0.675401224
2493,2.9608,0.667630378
2494,3.1364,0.666278378
2495,3.1952,0.668017047
2496,3.1186,0.672394633
2497,3.0768,0.676635833
2498,3.1694,0.675053376
2499,3.131,0.671046578
2500,3.1989,0.667398062
2501,3.1186,0.660803003
2502,3.2199,0.658907819
2503,3.3289,0.66478919
2504,3.2124,0.671450245
2505,3.0213,0.676795939
2506,2.9895,0.680697905
2507,2.9749,0.678077801
2508,3.1579,0.67697076
2509,3.3106,0.674746628
2510,3.1011,0.672056599
2511,3.0103,0.669213505
2512,3.028,0.668899264
2513,3.0954,0.66904961
2514,3.3072,0.665636603
2515,3.2415,0.668830583
2516,3.1887,0.667943516
2517,3.0114,0.677800042
2518,3.0117,0.688166131
2519,3.1776,0.697493962
2520,3.1545,0.703245849
2521,3.3715,0.692793303
2522,3.2151,0.685171787
2523,2.9548,0.680902863
2524,2.9855,0.680053838
2525,3.1733,0.676942559
2526,3.3752,0.675183748
2527,3.4692,0.668879931
2528,3.3621,0.668972738
2529,3.2206,0.672857589
2530,3.2468,0.677233443
2531,3.0714,0.68050228
2532,3.0987,0.677916232
2533,3.4136,0.67845398
2534,3.4396,0.676236794
2535,3.4401,0.674789767
2536,3.4128,0.674110105
2537,3.2069,0.668540311
2538,3.2604,0.66846506
2539,3.4264,0.665519948
2540,3.2739,0.665298408
2541,3.303,0.66967758
2542,3.1748,0.674609312
2543,3.2715,0.67743232
2544,3.3333,0.676448391
2545,3.4642,0.669175743
2546,3.4306,0.666306621
2547,3.4643,0.66308409
2548,3.3053,0.658802147
2549,3.4722,0.657500837
2550,3.7045,0.658640092
2551,3.6921,0.656261655
2552,3.7559,0.657414934
2553,3.6847,0.660436852
2554,3.5594,0.659403171
2555,3.3391,0.667836418
2556,3.1948,0.672047567
2557,3.023,0.67862118
2558,3.0538,0.681007906
2559,2.8446,0.68329498
2560,2.7668,0.68567626
2561,2.8661,0.684886159
2562,2.9359,0.682237654
2563,3.2875,0.677859376
2564,3.3398,0.67305969
2565,3.2562,0.665157765
2566,3.1825,0.665168682
2567,3.0558,0.664964415
2568,3.1725,0.666689482
2569,3.3194,0.675763715
2570,3.5209,0.67885147
2571,3.4535,0.687226982
2572,3.4738,0.691125972
2573,3.4147,0.689746616
2574,3.3746,0.68331629
2575,3.4456,0.67568239
2576,3.4866,0.664681248
2577,3.3444,0.656560473
2578,3.084,0.654124287
2579,3.061,0.655444429
2580,3.1955,0.661272303
2581,3.2383,0.660836732
2582,3.478,0.665340929
2583,3.3206,0.661425018
2584,3.2007,0.660535272
2585,3.1907,0.664516535
2586,3.2157,0.666939675
2587,3.2133,0.668456727
2588,3.1758,0.667394889
2589,3.0995,0.66403531
2590,3.0736,0.662630914
2591,3.0212,0.660067428
2592,3.136,0.658762781
2593,3.402,0.660535208
2594,3.3901,0.658283142
2595,3.2966,0.656805487
2596,3.2849,0.656801808
2597,2.9421,0.656679715
2598,3.0745,0.660958423
2599,3.1095,0.665213156
2600,3.0317,0.670894973
2601,2.9568,0.670447786
2602,2.9512,0.665883186
2603,2.9849,0.659418674
2604,3.2708,0.653259792
2605,3.245,0.644519482
2606,3.3238,0.642620009
2607,3.2779,0.643629955
2608,3.1833,0.643591491
2609,3.1141,0.644270045
2610,3.053,0.643324149
2611,3.0156,0.643069315
2612,3.2209,0.645693728
2613,3.1538,0.652207152
2614,3.1772,0.650198334
2615,3.2436,0.64970973
2616,3.3309,0.644364725
2617,3.5391,0.641561162
2618,3.3773,0.641103259
2619,3.265,0.640773575
2620,3.392,0.645398907
2621,3.4078,0.645055243
2622,3.4092,0.643435515
2623,3.6203,0.649792031
2624,3.5574,0.652707374
2625,3.4277,0.654056669
2626,3.653,0.659804526
2627,3.7147,0.658148965
2628,3.513,0.652682763
2629,3.5058,0.652193582
2630,3.2825,0.64948915
2631,2.9918,0.655111057
2632,2.8038,0.661633512
2633,2.6297,0.667428901
2634,2.854,0.6762172
2635,3.3985,0.682005034
2636,3.4368,0.688695589
2637,3.3985,0.692158961
2638,3.2399,0.689656114
2639,3.3755,0.689146539
2640,3.4789,0.684143967
2641,3.5871,0.677983039
2642,3.1236,0.676718821
2643,2.7154,0.675026919
2644,2.5163,0.664041496
2645,2.7425,0.661638548
2646,2.9313,0.653137821
2647,3.1849,0.647721986
2648,3.2688,0.649087488
2649,3.146,0.645203115
2650,3.0495,0.647601026
2651,3.2229,0.655065335
2652,3.031,0.657803572
2653,3.17,0.661305833
2654,3.2624,0.660319506
2655,3.3842,0.662262922
2656,3.6449,0.667752062
2657,3.2749,0.665120217
2658,3.1919,0.672651392
2659,3.0579,0.679725886
2660,3.0781,0.686364387
2661,2.6296,0.684905867
2662,2.3801,0.690094553
2663,2.358,0.698647829
2664,2.5755,0.695908087
2665,2.7376,0.693645531
2666,2.7195,0.679271337
2667,2.928,0.672077319
2668,3.0427,0.670111206
2669,3.1655,0.663891006
2670,3.1196,0.661473738
2671,3.2048,0.66062302
2672,3.2072,0.658390304
2673,3.3555,0.657916109
2674,3.2557,0.656474797
2675,3.1582,0.6552073
2676,3.2352,0.654895593
2677,3.3546,0.656642011
2678,3.3477,0.651433515
2679,3.3803,0.650626636
2680,3.4463,0.652000857
2681,3.5723,0.652804222
2682,3.7198,0.653382627
2683,3.5466,0.65248721
2684,3.5377,0.652301221
2685,3.237,0.651449992
2686,3.3048,0.659214376
2687,3.2292,0.659599273
2688,3.2667,0.662993033
2689,3.1041,0.660167043
2690,3.0135,0.663291264
2691,3.005,0.663479233
2692,2.9381,0.661239326
2693,3.1272,0.661048174
2694,3.0946,0.662161321
2695,2.8265,0.664159942
2696,2.78,0.662596559
2697,2.8978,0.655319604
2698,2.953,0.647350078
2699,2.9953,0.650190884
2700,3.0285,0.650627564
2701,2.9715,0.658338281
2702,3.045,0.662720614
2703,3.1564,0.664944296
2704,3.3124,0.672369993
2705,3.1716,0.672146453
2706,2.7643,0.67491625
2707,2.3449,0.671261081
2708,2.473,0.667472802
2709,2.6991,0.665600018
2710,3.0826,0.662169589
2711,3.2625,0.665257904
2712,3.0222,0.666574954
2713,2.7415,0.671164117
2714,2.7008,0.672147028
2715,2.7105,0.671490844
2716,3.077,0.666103502
2717,3.1478,0.659563711
2718,3.2499,0.653620661
2719,3.2709,0.64915004
2720,3.1016,0.645554752
2721,3.2158,0.640138637
2722,2.9798,0.635696683
2723,2.9667,0.638355428
2724,2.6927,0.645431861
2725,2.7587,0.652607995
2726,2.8739,0.663511951
2727,3.0888,0.669838887
2728,3.2495,0.665690086
2729,3.2024,0.660585866
2730,3.0807,0.659424333
2731,2.8625,0.664468457
2732,2.997,0.669475971
2733,3.084,0.672068649
2734,3.1802,0.668436601
2735,3.2488,0.670447562
2736,3.0654,0.671337353
2737,3.0993,0.672210606
2738,3.2968,0.671911588
2739,3.4654,0.666360703
2740,3.7435,0.66505099
2741,3.8666,0.657435392
2742,3.8251,0.656677939
2743,3.571,0.657510185
2744,3.2846,0.663061484
2745,2.9762,0.664844269
2746,3.3397,0.670093325
2747,3.4346,0.671699739
2748,3.4847,0.667132159
2749,3.4966,0.665873624
2750,3.1084,0.664687163
2751,2.9753,0.666723852
2752,2.8537,0.664530474
2753,2.9263,0.661380751
2754,2.897,0.658105526
2755,2.9606,0.652357653
2756,3.1412,0.664165102
2757,3.1732,0.673623616
2758,3.4453,0.68325867
2759,3.5565,0.688611456
2760,3.7028,0.683520338
2761,3.5914,0.674442149
2762,3.6189,0.674110972
2763,3.7116,0.675551695
2764,3.6872,0.676406014
2765,3.8893,0.680621973
2766,3.7754,0.675596174
2767,3.479,0.674340589
2768,3.5234,0.675938738
2769,3.552,0.681153146
2770,3.6932,0.684935156
2771,4.0682,0.689127757
2772,4.002,0.689821947
2773,3.6936,0.681867155
2774,3.2749,0.672727139
2775,3.1258,0.671204394
2776,3.2497,0.666753089
2777,3.3663,0.66689368
2778,3.4772,0.668159577
2779,3.9244,0.673364236
2780,3.94,0.670889712
2781,4.1528,0.677219071
2782,4.03,0.677669409
2783,3.7365,0.675266815
2784,3.6939,0.67811936
2785,3.4341,0.677504962
2786,3.4401,0.674564252
2787,3.3935,0.669687235
2788,3.4311,0.66472395
2789,3.4965,0.661877442
2790,3.513,0.669328913
2791,3.3685,0.671233728
2792,3.3544,0.678570492
2793,3.2579,0.674517128
2794,3.2539,0.666436742
2795,3.0404,0.6653393
2796,3.0353,0.664342327
2797,3.0932,0.668260768
2798,3.2429,0.670162235
2799,3.6044,0.669747674
2800,3.643,0.669365002
2801,3.4134,0.675371521
2802,3.1212,0.680199785
2803,3.1786,0.685107633
2804,3.1941,0.686848188
2805,3.4178,0.688878328
2806,3.695,0.693636419
2807,3.6936,0.69437527
2808,3.4389,0.689079985
2809,3.2806,0.681737286
2810,3.1419,0.677570291
2811,3.0506,0.674331428
2812,3.2549,0.681009805
2813,3.2982,0.683568467
2814,3.2466,0.683686539
2815,3.6207,0.686458663
2816,3.7304,0.686295643
2817,3.7323,0.686397257
2818,3.9448,0.689589149
2819,3.34,0.683218638
2820,3.3916,0.686398914
2821,3.1334,0.684248169
2822,3.0912,0.684958861
2823,3.1309,0.687985249
2824,3.3987,0.689069964
2825,3.2421,0.690469801
2826,1.2096,0.865624909
2827,0.5477,0.988077506
2828,0.5965,0.984130208
2829,0.6084,0.969317562
2830,0.6785,0.888328891
2831,0.7749,0.902067564
2832,0.8472,0.909399637
2833,0.9052,0.895402226
2834,0.9122,0.911803744
2835,0.8848,0.886258692
2836,1.0847,0.846854552
2837,1.2973,0.812684889
2838,1.6355,0.789003975
2839,2.073,0.77713845
2840,2.4819,0.771426878
2841,2.4148,0.77021137
2842,2.3089,0.766271394
2843,2.2629,0.759102346
2844,2.2226,0.754301284
2845,2.3186,0.749724748
2846,2.6566,0.742449384
2847,2.7873,0.737666474
2848,2.8559,0.737148235
2849,2.818,0.736947887
2850,3.0634,0.732698202
2851,3.1585,0.724388938
2852,3.2232,0.717028988
2853,3.0558,0.709875066
2854,3.2253,0.704628278
2855,3.3695,0.701995971
2856,3.625,0.694494549
2857,3.644,0.688771806
2858,3.452,0.683124394
2859,3.0741,0.680250912
2860,2.9572,0.679279265
2861,3.0263,0.683095677
2862,3.0745,0.686439665
2863,3.3773,0.695959958
2864,3.2946,0.70371144
2865,3.2362,0.71297343
2866,2.9322,0.716856169
2867,2.8815,0.715157043
2868,2.9225,0.710855191
2869,3.0501,0.700717285
2870,3.0985,0.692378038
2871,3.1649,0.687057621
2872,3.2294,0.682355445
2873,3.2701,0.672768643
2874,3.3117,0.669118295
2875,3.2568,0.673988024
2876,3.28,0.682637348
2877,3.2002,0.693070526
2878,3.2961,0.701746454
2879,3.4137,0.70026557
2880,3.3187,0.700292473
2881,3.495,0.699901086
2882,3.5257,0.694737063
2883,3.5812,0.690539685
2884,3.5556,0.689246463
2885,3.5338,0.692238028
2886,3.4282,0.694311107
2887,3.3517,0.694454228
2888,3.2411,0.697277761
2889,3.2705,0.699765025
2890,3.3989,0.706460325
2891,3.5801,0.713723311
2892,3.7084,0.712622477
2893,3.6726,0.703650991
2894,3.7956,0.700220301
2895,3.5094,0.695509705
2896,3.4202,0.693173759
2897,3.4578,0.696607131
2898,3.2531,0.697882605
2899,3.3207,0.699623137
2900,3.6027,0.704568094
2901,3.6818,0.708460162
2902,3.7566,0.70724556
2903,3.796,0.711058156
2904,3.5787,0.713583581
2905,3.298,0.71873201
2906,3.2642,0.72099792
2907,3.3156,0.722498521
2908,3.4745,0.721160714
2909,3.6448,0.719197354
2910,3.8643,0.71530629
2911,3.8105,0.710983198
2912,3.7612,0.708924803
2913,3.6168,0.707072612
2914,3.4255,0.706848708
2915,3.4123,0.705076454
2916,3.3993,0.70712074
2917,3.4243,0.708368643
2918,3.5414,0.715111592
2919,3.4494,0.722516659
2920,3.4117,0.723556718
2921,3.3548,0.725280481
2922,3.2307,0.728982288
2923,3.3007,0.730487809
2924,3.3674,0.727144429
2925,3.1839,0.723653439
2926,3.2285,0.718683254
2927,3.3025,0.721726933
2928,3.4479,0.720293107
2929,3.6592,0.718918491
2930,3.8322,0.717805758
2931,3.8806,0.715505856
2932,3.941,0.714852144
2933,3.8575,0.714752406
2934,3.2829,0.723015445
2935,2.8527,0.736943848
2936,2.7619,0.741088287
2937,2.7634,0.741885144
2938,3.2117,0.737894039
2939,3.5722,0.728092442
2940,3.5624,0.724225613
2941,3.7548,0.720936234
2942,3.5679,0.720237406
2943,3.552,0.71498928
2944,3.3582,0.707793362
2945,3.2851,0.703903822
2946,3.3099,0.706620975
2947,3.3418,0.713284831
2948,3.0564,0.716727268
2949,2.831,0.715981863
2950,2.771,0.715400966
2951,2.539,0.714791171
2952,2.762,0.718770359
2953,2.891,0.716676124
2954,3.1808,0.717041574
2955,3.5827,0.713578256
2956,3.4315,0.711132593
2957,3.4588,0.71500009
2958,3.4674,0.719798769
2959,3.3311,0.721135773
2960,3.236,0.72384746
2961,2.9962,0.721982138
2962,3.1668,0.730480194
2963,3.2517,0.738429687
2964,3.4218,0.743836074
2965,3.2909,0.740480522
2966,3.3993,0.732982532
2967,3.4421,0.723760734
2968,3.6032,0.717803919
2969,3.5932,0.719500031
2970,3.1674,0.728445707
2971,2.587,0.747641446
2972,2.6005,0.755390185
2973,2.6281,0.760034345
2974,2.878,0.75615421
2975,3.3793,0.745959079
2976,3.7199,0.738931052
2977,3.86,0.729271074
2978,4.0468,0.717345406
2979,3.9722,0.713596776
2980,3.6316,0.716193153
2981,3.6691,0.723406316
2982,3.3588,0.738002221
2983,3.4028,0.738259307
2984,3.6217,0.736575869
2985,3.5879,0.7295815
2986,3.6461,0.729537885
2987,3.6911,0.726642734
2988,3.5709,0.72572615
2989,3.6612,0.724708139
2990,3.8441,0.71927015
2991,3.7942,0.721343178
2992,3.8999,0.725126114
2993,3.6993,0.723272724
2994,3.5423,0.71954684
2995,3.5811,0.70989054
2996,3.6473,0.70574406
2997,3.4848,0.708278553
2998,3.2902,0.714111862
2999,3.2432,0.722049631
3000,3.1873,0.718245038
3001,3.2735,0.704107714
3002,3.4919,0.691603297
3003,3.5018,0.681800537
3004,3.4996,0.678241305
3005,3.3742,0.678407273
3006,3.3187,0.684057627
3007,3.4211,0.687491545
3008,3.5667,0.690487763
3009,3.6862,0.695127127
3010,4.0173,0.696021037
3011,4.0113,0.700419947
3012,3.8511,0.707229627
3013,3.9187,0.716595427
3014,3.5499,0.732469173
3015,2.575,0.778867279
3016,2.1054,0.8176262
3017,2.1695,0.821916316
3018,2.3431,0.806273066
3019,2.7486,0.779692078
3020,3.1286,0.755850126
3021,3.3863,0.740961955
3022,3.5693,0.739151759
3023,3.0743,0.759630353
3024,2.6721,0.772126488
3025,2.52,0.775084522
3026,2.6373,0.767997847
3027,2.713,0.763293649
3028,2.7757,0.759803695
3029,3.1913,0.755909917
3030,3.4059,0.747394687
3031,3.4381,0.743096198
3032,3.5931,0.741963387
3033,3.4409,0.742962423
3034,3.4706,0.746240804
3035,3.5859,0.748714934
3036,3.5003,0.752243499
3037,3.7573,0.753323855
3038,3.7894,0.757463734
3039,4.0385,0.75514509
3040,4.0191,0.746697571
3041,3.8759,0.743150621
3042,3.7508,0.738219944
3043,3.8216,0.735509137
3044,3.6483,0.733252133
3045,3.4544,0.730786641
3046,3.1423,0.734297738
3047,3.071,0.737644834
3048,3.1899,0.735862196
3049,3.4354,0.729949555
3050,3.4645,0.725878657
3051,3.2662,0.719427221
3052,3.1647,0.716039847
3053,3.303,0.712269534
3054,3.3603,0.704654767
3055,3.6711,0.701806604
3056,3.8716,0.697459687
3057,3.8758,0.6969255
3058,3.8618,0.700371881
3059,3.643,0.695797319
3060,3.4879,0.694443612
3061,3.5228,0.693775094
3062,3.4996,0.690250498
3063,3.2803,0.692413869
3064,3.3824,0.691803957
3065,3.5561,0.694211707
3066,3.5079,0.703868613
3067,3.1281,0.713922136
3068,2.9464,0.722732423
3069,2.9057,0.73058535
3070,3.0009,0.735356953
3071,3.2466,0.735863006
3072,3.4492,0.730766141
3073,3.6053,0.7217204
3074,3.591,0.71838896
3075,3.5402,0.717792422
3076,3.487,0.72000749
3077,3.46,0.720936842
3078,3.5665,0.718909896
3079,3.6126,0.720256639
3080,3.5643,0.718892786
3081,3.6072,0.721465323
3082,3.6084,0.725101984
3083,3.5222,0.725863252
3084,3.6142,0.726009446
3085,3.5781,0.719118998
3086,3.6343,0.71769821
3087,3.8756,0.712628502
3088,3.8363,0.705292841
3089,3.6657,0.704739558
3090,3.6712,0.704221633
3091,3.5624,0.70564247
3092,3.7948,0.705730637
3093,4.034,0.709860675
3094,3.7777,0.714791964
3095,3.7945,0.725300308
3096,3.4712,0.726384998
3097,3.3921,0.734285716
3098,3.4874,0.732778862
3099,3.688,0.728018074
3100,3.7928,0.728936002
3101,3.7068,0.72250763
3102,3.6943,0.725780734
3103,3.6393,0.721814025
3104,3.6092,0.71929589
3105,3.7069,0.712446093
3106,3.6695,0.700841472
3107,3.5884,0.699968561
3108,3.3059,0.700050208
3109,3.4311,0.700900311
3110,3.2684,0.701513855
3111,3.1866,0.69749483
3112,3.4564,0.701929633
3113,3.314,0.699183969
3114,3.3611,0.697706657
3115,3.1449,0.692939778
3116,3.0585,0.692911156
3117,3.0568,0.695924871
3118,3.118,0.697515486
3119,3.3551,0.70445056
3120,3.449,0.706481737
3121,3.5032,0.704503538
3122,3.4389,0.708066951
3123,3.4786,0.711895405
3124,3.6052,0.715749137
3125,3.5849,0.715351294
3126,3.7202,0.716579217
3127,3.8112,0.712345456
3128,3.8325,0.709837562
3129,3.6718,0.708758156
3130,3.5611,0.709580334
3131,3.4879,0.711708294
3132,3.4438,0.714438371
3133,3.2783,0.715516261
3134,2.9934,0.714121007
3135,2.8393,0.709197431
3136,2.7872,0.706434212
3137,3.047,0.713261681
3138,3.1433,0.716174382
3139,3.5223,0.721391951
3140,3.2937,0.716374812
3141,3.5542,0.713443595
3142,3.5079,0.714124018
3143,3.3375,0.713280313
3144,3.3461,0.714748562
3145,3.2056,0.709236802
3146,3.3692,0.703773474
3147,3.3214,0.700040247
3148,3.3828,0.701317873
3149,3.4981,0.704628083
3150,3.4053,0.708254847
3151,3.3583,0.713226951
3152,3.3661,0.715784215
3153,3.4391,0.719106361
3154,3.7406,0.720736193
3155,4.1087,0.71956768
3156,4.0618,0.712030604
3157,3.9502,0.708884744
3158,3.9154,0.706610498
3159,3.7753,0.706998206
3160,3.9254,0.714237152
3161,3.8862,0.714589944
3162,3.8828,0.715403594
3163,3.9946,0.718064237
3164,3.9614,0.717036491
3165,3.7721,0.714185747
3166,3.9312,0.71334689
3167,3.8975,0.711753677
3168,3.631,0.707980375
3169,3.6676,0.710908374
3170,3.4548,0.711607847
3171,3.3967,0.717041638
3172,3.509,0.733542998
3173,3.4148,0.745857628
3174,3.2837,0.752054411
3175,3.4598,0.750519198
3176,3.5008,0.739017336
3177,3.5964,0.724119095
3178,3.6756,0.717657458
3179,3.659,0.71321586
3180,4.0358,0.715477738
3181,3.7508,0.724092754
3182,3.6228,0.732953163
3183,3.2526,0.738276017
3184,3.0831,0.739631798
3185,3.4193,0.743855918
3186,3.9321,0.742836815
3187,3.8231,0.739013249
3188,4.0385,0.734937185
3189,4.2818,0.731281578
3190,4.3538,0.723931445
3191,4.047,0.720787269
3192,3.8902,0.717813627
3193,3.8046,0.716064814
3194,3.4102,0.714971734
3195,3.5128,0.716748466
3196,3.4967,0.715603616
3197,3.5631,0.714178582
3198,3.7132,0.713446275
3199,3.7758,0.712178421
3200,3.8226,0.715111115
3201,3.9439,0.714976565
3202,3.6806,0.711538751
3203,3.5064,0.707264766
3204,3.8071,0.706388545
3205,3.6229,0.705107532
3206,3.832,0.708207503
3207,3.9516,0.711922061
3208,3.7909,0.713359924
3209,3.8148,0.717929321
3210,3.7394,0.721801949
3211,3.6248,0.726684375
3212,3.4473,0.726649883
3213,3.5094,0.723950133
3214,3.5306,0.729673591
3215,3.3972,0.743321852
3216,2.9928,0.766864449
3217,2.3754,0.782804179
3218,2.0844,0.781789452
3219,2.13,0.771623515
3220,2.2875,0.75544882
3221,2.3475,0.745981119
3222,2.5975,0.740765264
3223,2.5836,0.730999083
3224,2.6439,0.728187426
3225,2.9711,0.717896061
3226,3.003,0.713200961
3227,3.1398,0.710266767
3228,3.2871,0.713988115
3229,3.1985,0.717347682
3230,3.1637,0.716343273
3231,3.1277,0.721291429
3232,3.2418,0.723146789
3233,3.2482,0.730006306
3234,3.2669,0.728187512
3235,2.9524,0.725488496
3236,2.8466,0.717311154
3237,2.8017,0.717867635
3238,2.9303,0.720131033
3239,3.0314,0.716168591
3240,3.4156,0.715695732
3241,3.564,0.711849673
3242,3.6336,0.706693444
3243,3.8076,0.704450962
3244,3.6414,0.709353391
3245,3.5314,0.710772293
3246,3.3636,0.712764886
3247,3.2525,0.713627093
3248,3.5439,0.712277566
3249,3.6476,0.7108313
3250,3.848,0.710219773
3251,3.8609,0.70908773
3252,3.6938,0.709323921
3253,3.7208,0.713580905
3254,3.5498,0.711561302
3255,3.8529,0.713926867
3256,3.8553,0.712705437
3257,3.9169,0.708203417
3258,3.8847,0.704133613
3259,3.6667,0.703881593
3260,3.4648,0.705841377
3261,3.5069,0.709247509
3262,3.5074,0.714595592
3263,3.5586,0.714749443
3264,3.7606,0.719041179
3265,3.9047,0.72613577
3266,3.9493,0.727390121
3267,4.0367,0.732190804
3268,3.9664,0.737024847
3269,3.9684,0.742392423
3270,4.0364,0.74610613
3271,3.9966,0.752980525
3272,3.8284,0.751959041
3273,3.8281,0.748022194
3274,3.7678,0.745710364
3275,3.8845,0.740681079
3276,3.85,0.727506953
3277,3.7664,0.718870863
3278,3.6467,0.715102679
3279,3.4273,0.713350068
3280,3.4128,0.713856587
3281,3.7609,0.716022763
3282,3.7749,0.719941692
3283,3.9732,0.732237807
3284,4.1702,0.739215055
3285,4.0331,0.745647692
3286,3.9703,0.746465693
3287,3.9648,0.737184947
3288,3.7959,0.728074881
3289,3.5988,0.722401104
3290,3.5573,0.720415478
3291,3.4707,0.718695222
3292,3.5991,0.720339935
3293,3.6209,0.717621148
3294,3.8423,0.715188732
3295,3.7637,0.715274202
3296,3.7543,0.718958874
3297,3.7685,0.715605956
3298,3.4334,0.711274368
3299,3.3631,0.70986674
3300,3.4038,0.707776764
3301,3.5934,0.709132706
3302,3.8786,0.714615176
3303,3.897,0.719612814
3304,3.8221,0.726032079
3305,3.4689,0.733431985
3306,3.2264,0.739300718
3307,2.9388,0.741477839
3308,2.8566,0.737147517
3309,2.7344,0.732502599
3310,2.6902,0.732157624
3311,2.9177,0.734736751
3312,3.0652,0.736649018
3313,3.3475,0.737706019
3314,3.5925,0.738484005
3315,3.6108,0.737297077
3316,3.6003,0.735737797
3317,3.5504,0.733198071
3318,3.63,0.729313436
3319,3.8368,0.726398344
3320,3.8123,0.721795266
3321,3.7879,0.717153553
3322,3.7911,0.715322681
3323,3.5703,0.712646657
3324,3.6268,0.712446866
3325,3.597,0.711435639
3326,3.572,0.716159803
3327,3.2886,0.719555599
3328,2.5844,0.719679772
3329,2.3859,0.720161627
3330,2.6033,0.72118072
3331,2.9015,0.720083889
3332,2.9924,0.718155065
3333,3.6777,0.720593286
3334,3.455,0.719683582
3335,3.5908,0.719343837
3336,3.2009,0.716579966
3337,3.1131,0.712274922
3338,3.1595,0.708451605
3339,3.1405,0.703791801
3340,3.2934,0.700718379
